label,is_question,length,wordcount,question_mark,colon,tx_confidence,left,right,top,bottom
YOUR HOSPITAL BLOOD BANK,0,24,4,0,0,0,0.2044415920972824,0.43664780259132385,0.2790701389312744,0.29901009798049927
FILE,0,4,1,0,0,0,0.7076549530029297,0.7314796447753906,0.2751273214817047,0.29031580686569214
RETURN TO BLOOD BANK AFTER TRANSFUSION,0,38,6,0,0,0,0.5755934119224548,0.8432198762893677,0.2920052707195282,0.3093883693218231
NAME OF RECIPIENT,1,17,3,0,0,77.24150085449219,0.1079726442694664,0.19852907955646515,0.30932530760765076,0.3241797089576721
MEDTCAL RECORD #,1,16,3,0,0,77.61575317382812,0.4195004105567932,0.5078200697898865,0.30909302830696106,0.3219999372959137
DO NOT BEGIN TRANSFUSION UNTIL ALL DISCREPANCIES ARE RESOLVED,0,61,9,0,0,0,0.5509317517280579,0.8776360154151917,0.3086489737033844,0.32385608553886414
1. CHECK NAME AND WRIST BAND NUMBER ON PATIENT'S WRIST IDENTIFICATION,0,69,11,0,0,0,0.5425284504890442,0.849648654460907,0.32330045104026794,0.33602574467658997
BAND AGAINST THE INFORMATION ON THIS FORM.,0,42,7,0,0,0,0.5526522397994995,0.7421788573265076,0.3367629051208496,0.34867438673973083
WRIST BAND NO.,1,14,3,0,0,78.79322052001953,0.11638488620519638,0.1903792917728424,0.34602856636047363,0.36023375391960144
LOCATION,1,8,1,0,0,83.67796325683594,0.2541213035583496,0.2997751533985138,0.3500131368637085,0.3632528781890869
RECIPIENT BLOOD TYPE,1,20,3,0,0,63.830501556396484,0.38952741026878357,0.4960815906524658,0.3488333523273468,0.36334022879600525
2. CHECK CONTAINER INFORMATION AGAINST INFORMATION ON THIS FORM.,0,64,9,0,0,0,0.541875958442688,0.8312411308288574,0.3485013544559479,0.36192870140075684
3. PERSONS IDENTIFYING THAT PATIENT is RECEIVING CORRECT BLOOD PRODUCT,0,70,10,0,0,0,0.5419893264770508,0.8569818139076233,0.36173582077026367,0.37479713559150696
SHOULD SIGN AND COMPLETE FIELDS BELOW.,0,38,6,0,0,0,0.5531719326972961,0.7269243001937866,0.37371718883514404,0.38697549700737
CROSS MATCH STATUS,1,18,3,0,0,50.631046295166016,0.10810643434524536,0.21121197938919067,0.38559064269065857,0.39994916319847107
STARTED BY:,1,11,2,0,1,70.1358642578125,0.5377572178840637,0.5967028737068176,0.3873416483402252,0.3996600806713104
1. SIGNATURE,1,12,2,0,0,0,0.5380775332450867,0.6021949052810669,0.3992639183998108,0.4129520058631897
UNIT NO.,1,8,2,0,0,79.39595794677734,0.1558976173400879,0.1951349377632141,0.42620226740837097,0.4390519857406616
COMPONENT,1,9,1,0,0,78.3133773803711,0.28875696659088135,0.3461756110191345,0.4260333180427551,0.43880724906921387
COMPONENT BLOOD TYPE,1,20,3,0,0,81.09363555908203,0.40525713562965393,0.5223111510276794,0.4246877133846283,0.43967145681381226
2. SIGNATURE,1,12,2,0,0,69.25584411621094,0.5376513004302979,0.6023010611534119,0.4178822934627533,0.43200868368148804
DATE STARTED,1,12,2,0,0,50.85346221923828,0,0,0,0
TIME STARTED,1,12,2,0,0,47.998870849609375,0,0,0,0
EXPIRATION DATE,1,15,2,0,0,70.53156280517578,0.12631843984127045,0.20571671426296234,0.46289172768592834,0.4772593677043915
VOLUME,1,6,1,0,0,84.0704116821289,0.3027866780757904,0.34052491188049316,0.463776558637619,0.4768526256084442
NO. IN POOL,1,11,3,0,0,79.08866119384766,0.3749469816684723,0.42961135506629944,0.4633136987686157,0.47730597853660583
SPECIMEN ID,1,11,2,0,0,72.75056457519531,0.46784260869026184,0.5259594321250916,0.46372705698013306,0.4769206643104553
TRANSFUSION STOPPED/COMPLETED BY,1,32,3,0,0,70.00704193115234,0.5388708710670471,0.7183947563171387,0.46225616335868835,0.4759677052497864
TIME FINISHED,1,13,2,0,0,0,0,0,0,0
DATE FINISHED,1,13,2,0,0,0,0,0,0,0
ACCOUNT NO.,1,11,2,0,0,73.35660552978516,0.10754174739122391,0.16987501084804535,0.5009471774101257,0.5137226581573486
TIME AT ISSUE:,1,14,3,0,1,52.58881378173828,0.31607893109321594,0.38283249735832214,0.5043597221374512,0.5188302993774414
VOLUME TRANSFUSED,1,17,2,0,0,80.57128143310547,0.5381820201873779,0.6382079124450684,0.4997454285621643,0.5130352973937988
PATIENT REACTION,1,16,2,0,0,0,0.6699634194374084,0.7556471824645996,0.5009350180625916,0.5137047171592712
"** IF ""YES"" NOTIFY BLOOD PHYSICIAN, AND COMPLETE ADVERSE REACTION Form",0,70,11,0,0,0,0.7751787900924683,0.8740348219871521,0.5028799176216125,0.5155243277549744
NO,1,2,1,0,0,64.58766174316406,0.702993631362915,0.7167543768882751,0.5145532488822937,0.5261827111244202
PHYSICIAN AND COMPLETE,0,22,3,0,0,0,0.7752806544303894,0.8798343539237976,0.5143235325813293,0.5261633396148682
YES **,1,6,2,0,0,63.57090377807617,0.7030829787254333,0.7308129072189331,0.5261529684066772,0.5390263199806213
"""ADVERSE REACTION Form""",0,23,3,0,0,0,0.7755218744277954,0.8780182003974915,0.524807870388031,0.537172257900238
PRE -TRANSFUSION,0,16,2,0,0,58.88935470581055,0,0,0,0
TEMP,1,4,1,0,0,0,0.8077234625816345,0.8324562311172485,0.5429282784461975,0.5554170608520508
B P,1,3,2,0,0,0,0.6790883541107178,0.6940150856971741,0.5417150855064392,0.5551295280456543
POST -Transfusion,0,17,2,0,0,58.88935470581055,0,0,0,0
B,1,1,1,0,0,0,0.8700503706932068,0.876255452632904,0.5428310632705688,0.5550279021263123
PERFORMED BY:,1,13,2,0,1,49.61153793334961,0.1531698852777481,0.2261596918106079,0.5817468166351318,0.5947459936141968
DO NOT REMOVE FROM UNIT UNTIL COMPLETION OF TRANSFUSION,0,55,9,0,0,0,0.564801037311554,0.8639569282531738,0.5801077485084534,0.5951046943664551
PART OF THE MEDICAL RECORD,0,26,5,0,0,0,0.3765970766544342,0.6210505366325378,0.5970507860183716,0.6176877617835999
8850327 Rev. 05/05,0,18,3,0,0,0,0.10797619819641113,0.17789800465106964,0.6224534511566162,0.6334323287010193
Blood Transfusion Form BLOOD BANK,0,33,5,0,0,0,0.44676584005355835,0.5821133255958557,0.6231033205986023,0.6351308226585388
PAGE 1 of 1,0,11,4,0,0,0,0.8455220460891724,0.88884437084198,0.6215267181396484,0.6339574456214905
TRANSFUSION SERVICE,0,19,2,0,0,0,0.21486102044582367,0.340580016374588,0.08224685490131378,0.09343861788511276
PRODUCT CHART COPY,0,18,3,0,0,0,0.6470543742179871,0.7656446099281311,0.08132172375917435,0.09331917017698288
PATIENT DATA,0,12,2,0,0,0,0.23415976762771606,0.3135753273963928,0.10975165665149689,0.12112818658351898
BLOOD PRODUCT,0,13,2,0,0,0,0.692238986492157,0.7785372138023376,0.10892753303050995,0.12076874822378159
Patient ID-,1,11,2,0,0,35.69295883178711,0.10221777856349945,0.17456407845020294,0.13767381012439728,0.14769351482391357
HR/Acct.#,1,9,1,0,0,43.3488655090332,0.28536221385002136,0.3488284647464752,0.13826137781143188,0.14982880651950836
Unit #:,1,7,2,0,1,54.658897399902344,0.5201802253723145,0.5665242671966553,0.13740943372249603,0.14926402270793915
Name,1,4,1,0,0,59.21967697143555,0.10113698989152908,0.13447624444961548,0.1661895513534546,0.17666594684123993
Req#:,1,5,1,0,1,42.09810256958008,0.3506240248680115,0.3824901282787323,0.16664612293243408,0.17958785593509674
Component:,1,10,1,0,1,61.987083435058594,0.5206108689308167,0.5857664942741394,0.16694383323192596,0.17941194772720337
Location:,1,9,1,0,1,47.25450134277344,0.10034943372011185,0.15990842878818512,0.19502197206020355,0.2061343640089035
ABO/Rh:,1,7,1,0,1,51.111812591552734,0.5203370451927185,0.5665996670722961,0.19446536898612976,0.20652592182159424
Special Needs:,1,14,2,0,1,53.839874267578125,0.10015492141246796,0.19321243464946747,0.22201161086559296,0.23569296300411224
Remarks:,1,8,1,0,1,50.89780807495117,0.5205757021903992,0.5734811425209045,0.22247838973999023,0.23460376262664795
Sex:,1,4,1,0,1,0,0.0998074859380722,0.1258024126291275,0.25155553221702576,0.2632024586200714
Birthdate:,1,10,1,0,1,0,0.16634628176689148,0.23230984807014465,0.251125693321228,0.2628425657749176
Expiration Date:,1,16,2,0,1,57.5322265625,0.5208220481872559,0.6277322769165039,0.2514360249042511,0.26490163803100586
Specimen In-Date/Time:,1,22,2,0,1,0,0.06472290307283401,0.21261492371559143,0.2786779999732971,0.29269030690193176
Crossmatch Date/Time:,1,21,2,0,1,48.56510925292969,0.33773159980773926,0.4748189151287079,0.2790582478046417,0.29122015833854675
Crossmatch Compatible?:,1,23,2,1,1,0,0.5999004244804382,0.7513376474380493,0.2787145972251892,0.2920980751514435
Tech:,1,5,1,0,1,52.13494873046875,0.8382807374000549,0.8718616366386414,0.277713805437088,0.28978291153907776
Antibody Screen:,1,16,2,0,1,0,0.06525582075119019,0.17290782928466797,0.2935285270214081,0.30645328760147095
* * * * * * REQUIRED TRANSFUSION CERTIFICATION AND DOCUMENTATION * * * * * *,0,76,17,0,0,0,0.07834849506616592,0.8991565108299255,0.33558833599090576,0.3484693467617035
*,0,1,1,0,0,0,0.9056105017662048,0.9127242565155029,0.3368385434150696,0.34551358222961426
#,0,1,1,0,0,0,0.9191576242446899,0.9264521598815918,0.33675822615623474,0.34544113278388977
"(For Rh Immune Globulin injections with no adverse reaction, complete only the asterisked items)",0,96,14,0,0,0,0.18067580461502075,0.8115918636322021,0.3501831591129303,0.3635682165622711
Signed Blood Consent or Surgical Consent in Chart,1,49,8,0,0,44.4781494140625,0.06403899192810059,0.39070725440979004,0.37774837017059326,0.3921731114387512
Yes (required),1,14,2,0,0,0,0.4940144419670105,0.587822675704956,0.3790578544139862,0.39197981357574463
"1.The transfusion or Rhogan MUST be started within 30 minutes of issue from the Blood Bank, and be completed within 4 hours.",0,124,22,0,0,0,0.1174497976899147,0.9261375069618225,0.40604519844055176,0.4205983877182007
"2.If the temperatare rises 2 degrees F or more fros the baseline at any time during the transfusion, STOP the transfusion",0,121,21,0,0,0,0.11784733831882477,0.9076237678527832,0.42055535316467285,0.4351470470428467
"(leave the unit hanging), keep the line open with normal saline, notify the Blood Bank, and refer to PCS Policy PR-032.",0,119,21,0,0,0,0.11859218031167984,0.9052503705024719,0.43469348549842834,0.44930949807167053
3.Temperature route should remain constant.,0,43,5,0,0,0,0.11781865358352661,0.3893773853778839,0.44966527819633484,0.46251270174980164
We certify that we have checked the infornation on this form with Patient's wristband and started the transfusion.,0,114,18,0,0,0,0.06341791152954102,0.8202508091926575,0.4775247275829315,0.49062874913215637
Transfusionist:,1,15,1,0,1,0,0.06422659009695053,0.16909876465797424,0.5064852833747864,0.517916202545166
Witness:,1,8,1,0,1,70.435302734375,0.5473725199699402,0.601285457611084,0.5079102516174316,0.5189818739891052
Sign,1,4,1,0,0,58.24543380737305,0.2632231116294861,0.2930651009082794,0.5205676555633545,0.5339171886444092
Print,1,5,1,0,0,51.084442138671875,0.42866188287734985,0.46339744329452515,0.52116858959198,0.5330885648727417
*Transfusion Started:,1,21,2,0,1,0,0.062485143542289734,0.20309637486934662,0.5346705317497253,0.5461952090263367
AM/PM,1,5,1,0,0,0,0.46216073632240295,0.5345525145530701,0.5357308983802795,0.5484720468521118
Blood Warmer Used?,1,18,3,1,0,44.47098922729492,0.5810784101486206,0.7884643077850342,0.534849226474762,0.5476849675178528
[]No,1,4,1,0,0,29,0.6984643077850342,0.7584643077850342,0.534849226474762,0.5476849675178528
Yes[],1,5,1,0,0,29,0.7584643077850342,0.7884643077850342,0.534849226474762,0.5476849675178528
F,0,1,1,0,0,0,0.7939830422401428,0.8008480668067932,0.5356398224830627,0.5483425259590149
Temp,1,4,1,0,0,0,0.8071553707122803,0.8354401588439941,0.53516685962677,0.5476207733154297
C,0,1,1,0,0,64.45767974853516,0.8933860659599304,0.9016626477241516,0.5352195501327515,0.5460994243621826
(date),1,6,1,0,0,68.27168273925781,0.2694770097732544,0.30868834257125854,0.5493048429489136,0.5614964962005615
(time),1,6,1,0,0,65.36760711669922,0.40317007899284363,0.4422721862792969,0.5497243404388428,0.5616253018379211
*Rhogan Only - Entire syringe administered:,1,43,6,0,1,73.3774185180664,0,0,0,0
No[,1,3,1,0,0,73.04367065429688,0.42075321078300476,0.4549992084503174,0.5781396627426147,0.5908305644989014
"If no, reason:",1,14,3,0,1,67.16915130615234,0.5012273192405701,0.5934243202209473,0.5779996514320374,0.5908541679382324
Filter Used:,1,12,2,0,1,77.25495147705078,0,0,0,0
Microaggregate (40 micron),1,26,3,0,0,68.1825942993164,0.6091644167900085,0.7933727502822876,0.6058449149131775,0.6195030212402344
Pedi syringe filtered in Blood Bank (150 micron),1,48,8,0,0,73.36661529541016,0.21597830951213837,0.5466077327728271,0.6202924251556396,0.6340922713279724
Leukocyte Reduction Filter,1,26,3,0,0,75.88235473632812,0.6089873313903809,0.7945612072944641,0.6204623579978943,0.633380651473999
Other:,1,6,1,0,1,64.66883850097656,0.821047842502594,0.8864248991012573,0.6196679472923279,0.6321343779563904
VITALS:,0,7,1,0,1,0,0.3540562391281128,0.40089526772499084,0.6493857502937317,0.66046142578125
Time:,1,5,1,0,1,0,0,0,0,0
B/P,1,3,1,0,0,0,0.2867946922779083,0.30874428153038025,0.6631292700767517,0.6749116778373718
Pulse,1,5,1,0,0,0,0.35440436005592346,0.38907164335250854,0.663303554058075,0.6750946640968323
Temp/Route: E JOral,1,19,3,0,1,0,0.4215801954269409,0.5479775071144104,0.6633512377738953,0.6763936281204224
Axillary,1,8,1,0,0,0,0.5014455318450928,0.5750368237495422,0.6776199340820312,0.6908249855041504
Pre-Transfusion,1,15,1,0,0,53.49394607543945,0.1259772926568985,0.2290273755788803,0.6910842061042786,0.7028026580810547
Tympanic,1,8,1,0,0,0,0.5014673471450806,0.5744833946228027,0.6923612356185913,0.7053106427192688
Transfusion Reaction Noted?,1,27,3,1,0,0,0.6802877187728882,0.8617785573005676,0.6914249062538147,0.7036763429641724
[ ] Other,1,9,3,0,0,0,0.5016177296638489,0.555399477481842,0.706357479095459,0.7187567353248596
[ ]No,1,5,2,0,0,42.725162506103516,0,0,0,0
15 Min from start,1,17,4,0,0,0,0.12561029195785522,0.24820251762866974,0.7188966274261475,0.7306878566741943
[ ]YES (complete below),1,23,4,0,0,53.9313850402832,0.6822463274002075,0.8356653451919556,0.7196245789527893,0.7332532405853271
time stopped Tx,1,15,3,0,0,38.713043212890625,0.7621385455131531,0.8624883890151978,0.7336170077323914,0.7469063997268677
30 Min from start,1,17,4,0,0,0,0.12440165877342224,0.24699732661247253,0.7474750280380249,0.7591062784194946
[ ] Notify Blood Bank,1,21,5,0,0,75.46299743652344,0.7083465456962585,0.850726842880249,0.7475658655166626,0.76091468334198
[ ] Notify Physician,1,20,4,0,0,76.68675994873047,0.7216852903366089,0.8437992334365845,0.7621808052062988,0.7751790285110474
1 Hour from start,1,17,4,0,0,0,0.12448914349079132,0.24690121412277222,0.7768784165382385,0.7892156839370728
[ ] Rxn Form Completed,1,22,5,0,0,68.99696350097656,0.7218673229217529,0.857150137424469,0.7764217257499695,0.7895543575286865
Tx resumed after review:,1,24,4,0,1,0,0.6807979941368103,0.8425724506378174,0.7908545732498169,0.8024997711181641
2 Hours from start,1,18,4,0,0,0,0.12306905537843704,0.24668756127357483,0.8040105700492859,0.8160834908485413
[ ]No,1,5,2,0,0,51.43540573120117,0.683948814868927,0.7153780460357666,0.8044326901435852,0.8175240159034729
[ ]YES,1,6,2,0,0,52.29563903808594,0.6816084384918213,0.7234848141670227,0.8205376267433167,0.8331860899925232
time,1,4,1,0,0,45.87389373779297,0.80213463306427,0.8302862048149109,0.8202177882194519,0.8316466808319092
3 Hours from start,0,18,4,0,0,0,0.12211152166128159,0.2456754893064499,0.8344706892967224,0.8461151719093323
Authorized by:,1,14,2,0,1,0,0.6806292533874512,0.7746057510375977,0.8348888158798218,0.8479255437850952
Transfusion Completed,1,21,2,0,0,0,0.12124376744031906,0.266165554523468,0.8620532155036926,0.8750625252723694
(must be completed),0,19,3,0,0,0,0.48827555775642395,0.6147591471672058,0.8629030585289001,0.8763178586959839
Pathologist,1,11,1,0,0,45.880313873291016,0.6862596869468689,0.7636996507644653,0.8630973100662231,0.876369297504425
Amount Transfused,1,17,2,0,0,0,0.07457658648490906,0.19179591536521912,0.889942467212677,0.9035564064979553
ML,0,2,1,0,0,0,0.2713596522808075,0.2868598997592926,0.8913686275482178,0.903464674949646
Transfusionist at end of Transfusion:,1,37,5,0,1,36.23902893066406,0.09509839862585068,0.3468936085700989,0.9195235967636108,0.932266116142273
Charge KN Review:,1,17,3,0,1,43.25706100463867,0.6878504157066345,0.8031606674194336,0.9203656315803528,0.9330791234970093
88-03 BLOOD BANK CROSSMATCH (3/03),0,34,5,0,0,36.23902893066406,0.05444590747356415,0.24433612823486328,0.9295070767402649,0.9382039308547974
Any deviations from policy MUST be approved bv a pathologist and documented,0,75,12,0,0,0,0.23831646144390106,0.7448986172676086,0.9347742795944214,0.9468741416931152
[ ] Std Administration set (170-260 nicron),1,43,7,0,0,77.25495147705078,0,0,0,0
[ ]Yes,1,6,2,0,0,73.3774185180664,0,0,0,0
Interval:,1,9,1,0,1,0,0,0,0,0
Your,0,4,1,0,0,0,0.1531601846218109,0.22385555505752563,0.076763816177845,0.09785062819719315
Hepatitis-B,0,11,1,0,0,0,0.40171128511428833,0.587296187877655,0.05625810846686363,0.08775440603494644
Hospital's,0,10,1,0,0,0,0.12027614563703537,0.25808995962142944,0.10209644585847855,0.1272485852241516
Vaccination,0,11,1,0,0,0,0.38729628920555115,0.592881977558136,0.0920393094420433,0.11886557936668396
Logo,0,4,1,0,0,0,0.15412770211696625,0.22492916882038116,0.13067936897277832,0.15610240399837494
Consent Form,0,12,2,0,0,0,0.3438063859939575,0.591236412525177,0.12531717121601105,0.15512125194072723
Here,0,4,1,0,0,0,0.15698093175888062,0.22287264466285706,0.1609596610069275,0.1808510273694992
PATIENT IDENTIFICATION,1,22,2,0,0,0,0.6587452292442322,0.8652732372283936,0.15651048719882965,0.1702873408794403
Hepatitis-B is an infection of the liver caused by a virus. Hepatitis-B can be passed to a baby at birth from an infected,0,121,23,0,0,0,0.09410081058740616,0.9055060744285583,0.2108854353427887,0.22559969127178192
"mother. It may be passed from an infected child or adult to another person by sexual contact, by contact with their blood or",0,124,23,0,0,0,0.09403977543115616,0.9061285853385925,0.22490325570106506,0.23886601626873016
"body secretions, or from their human bite. An estimated 200,000 - 300,000 new cases of Hepatitis-B infection occur yearly",0,121,19,0,0,0,0.09394881129264832,0.9061354994773865,0.23706980049610138,0.2516876459121704
"in the United States. There are over one million persons carrying this virus in their bodies who have chronic hepatitis, which",0,126,21,0,0,0,0.09344320744276047,0.9053733944892883,0.25066953897476196,0.2648046314716339
is a serious and long-lasting form of liver infection. Hepatitis-B carriers have life-long liver disease and may develop liver,0,126,19,0,0,0,0.09345968812704086,0.9063014388084412,0.26385965943336487,0.27781161665916443
"cancer which kills 4,000-5,000 people each year.",0,48,7,0,0,0,0.09395726025104523,0.4117145538330078,0.27718880772590637,0.29098770022392273
Vaccination with Hepatitis-B vaccine (which is made from yeast) is a safe and effective means to prevent Hepatitis-B,0,116,18,0,0,0,0.09381905198097229,0.9043464064598083,0.30307537317276,0.31709781289100647
infection. The Centers for Disease Control and the American Academy of Pediatrics recommend that a total of three doses,0,119,19,0,0,0,0.09366463124752045,0.9057964086532593,0.31539127230644226,0.3299862742424011
of the vaccine be given in infancy to prevent transmission of Hepatitis-B at birth and during childhood. Guidelines state that,0,126,20,0,0,0,0.09369689226150513,0.9065607190132141,0.3293604254722595,0.34345924854278564
"newborn babies should receive the first dose of Hepatitis-B vaccine soon after birth, the second dose approximately one to",0,122,19,0,0,0,0.09395687282085419,0.9056447148323059,0.3417139947414398,0.3562207520008087
"two months later, and the third dose at approximately six months of age. An additiona booster dose might be needed as a",0,119,22,0,0,0,0.09341222792863846,0.905707061290741,0.35471001267433167,0.36932146549224854
child reaches the teenage years when the risk of becoming infected with Hepatitis-B rises due to possible sexual encounters,0,123,19,0,0,0,0.09396015107631683,0.9056903719902039,0.3687167167663574,0.3825526535511017
and use of intravenous drugs.,0,29,5,0,0,0,0.09398029744625092,0.2880384922027588,0.3818717300891876,0.39547789096832275
Possible side effects of Hepatitis-B vaccine include minor tenderness at the site of the shot and small chance (1.65) of a low,0,126,22,0,0,0,0.09394961595535278,0.9060667157173157,0.4068640172481537,0.42139968276023865
"grade fever within the first day after the vaccination. No serious side effects in children have been linked to this vaccine,",0,125,21,0,0,0,0.09385379403829575,0.9053481817245483,0.42121854424476624,0.43473541736602783
which has been in use for over six years in the United States.,0,62,13,0,0,0,0.09329396486282349,0.4919293522834778,0.43303927779197693,0.44780248403549194
I have read the above and agree that my newborn infant should receive the first dose of Hepatitis-B vaccine soon after birth.,0,125,22,0,0,0,0.09395744651556015,0.905264675617218,0.4590965509414673,0.4739794433116913
I give permission for the nursing staff at xxxxx Hospital to administer this vaccine. I realize that two additional doses of this,0,129,22,0,0,0,0.10289373993873596,0.9056966304779053,0.4723358452320099,0.4871276915073395
vaccine are needed to complete the series.,0,42,7,0,0,0,0.0940651223063469,0.3743134140968323,0.4855526387691498,0.5001685619354248
This information was explained to me by:,0,40,7,0,1,0,0.09406540542840958,0.36045408248901367,0.5380824208259583,0.552091658115387
MD,0,2,1,0,0,0,0.8353744745254517,0.8586230278015137,0.5264389514923096,0.5396327376365662
Signature of Physician,1,22,3,0,0,67.4444808959961,0.5434838533401489,0.6735397577285767,0.5504031181335449,0.562636137008667
Witness,1,7,1,0,0,73.49512481689453,0.23384690284729004,0.28146684169769287,0.773838222026825,0.784873366355896
Mother's Signature,1,18,2,0,0,74.47472381591797,0.6425169110298157,0.7527593970298767,0.7727224826812744,0.7849482297897339
Date,1,4,1,0,0,75.47068786621094,0.24284806847572327,0.27061352133750916,0.826050877571106,0.837664783000946
Printed Name of Mother,1,22,4,0,0,75.07914733886719,0.6278824210166931,0.7677174806594849,0.827420711517334,0.8397755026817322
"I have been given the above written information. However, I refuse the vaccine for my infant.",0,93,16,0,0,0,0.09387091547250748,0.6982767581939697,0.7209131717681885,0.7354001402854919
INTERPRETER USED,1,16,2,0,0,66.55007934570312,0.12589842081069946,0.290812611579895,0.8635905981063843,0.8772869110107422
PART OF THE MEDICAL RECORD,0,26,5,0,0,0,0.34750503301620483,0.6633545160293579,0.9083212614059448,0.9249811172485352
8850281 Rev. 05/05,0,18,3,0,0,0,0.09365029633045197,0.2006305307149887,0.9438401460647583,0.9541765451431274
Hepatitis-B Vaccination Consent FOrm_MEDICAL AFFAIRS,0,52,5,0,0,0,0.3544127941131592,0.6577707529067993,0.9441288113594055,0.9549860954284668
Page 1 of 2,0,11,4,0,0,0,0.8520320057868958,0.9107340574264526,0.9428447484970093,0.9550132751464844
Your,0,4,1,0,0,0,0.07842633128166199,0.13020163774490356,0.03771398589015007,0.06357818096876144
THIS IS NOT A PURCHASE ORDER,0,28,6,0,0,0,0.4280374348163605,0.7530820965766907,0.03255799785256386,0.049545951187610626
Hospital's,0,10,1,0,0,0,0.05245302990078926,0.15603001415729523,0.06819076836109161,0.09640263766050339
FORM MODIFICATION / CHANGE REQUEST,0,34,5,0,0,0,0.28937968611717224,0.8927987217903137,0.0742415115237236,0.11455899477005005
Logo,0,4,1,0,0,0,0.0792025625705719,0.1313658356666565,0.10119953751564026,0.12888087332248688
Here,0,4,1,0,0,0,0.08108514547348022,0.1298660933971405,0.13539038598537445,0.15979716181755066
PROCESS PATH,0,12,2,0,0,0,0.09305703639984131,0.19328179955482483,0.172743558883667,0.18946737051010132
ORDER DESCRIPTION,0,17,2,0,0,0,0.5072921514511108,0.7101677656173706,0.17294569313526154,0.19022022187709808
REQUESTOR:,0,10,1,0,1,0,0.03534599393606186,0.08564670383930206,0.8632192015647888,0.8748434782028198
FORM SERIAL # and RATIONALE,0,27,5,0,0,0,0.5048456192016602,0.7128053903579712,0.19242450594902039,0.20979297161102295
SERVICE REQUESTED,1,17,2,0,0,0,0.035522665828466415,0.11952917277812958,0.21027521789073944,0.2220461070537567
FORM SERIAL #:,1,14,3,0,1,70.97003173828125,0.2527577579021454,0.313005268573761,0.6879602074623108,0.6996718049049377
JUSTIFICATION:,1,14,1,0,1,41.53113555908203,0.4189351797103882,0.4778341054916382,0.68840491771698,0.6994552612304688
TYPESETTING,1,11,1,0,0,73.24324798583984,0.0549437440931797,0.107545405626297,0.22972632944583893,0.24088454246520996
RETYPESETTING,1,13,1,0,0,79.69525146484375,0.1631280779838562,0.22664609551429749,0.22968079149723053,0.24086666107177734
8850,0,4,1,0,0,0,0.25819170475006104,0.31326091289520264,0.7371458411216736,0.7569657564163208
DEPT MGR:,1,9,2,0,1,74.72747802734375,0.03570694848895073,0.07777813076972961,0.29051563143730164,0.3017323911190033
DEPT #:,1,7,2,0,1,63.19636154174805,0.03562835231423378,0.06476021558046341,0.5690640211105347,0.5803041458129883
4600,0,4,1,0,0,0,0.18752573430538177,0.24297767877578735,0.5855322480201721,0.6063207983970642
FORMS COMMITTEE APPROVAL:,1,25,3,0,1,0,0.041073527187108994,0.24549245834350586,0.36799484491348267,0.38490158319473267
RECORD COMMITTEE CHAIRS:,1,24,3,0,1,0,0.03593653067946434,0.14898473024368286,0.38561058044433594,0.39720773696899414
8 8 5 0,0,7,4,0,0,0,0.2592783272266388,0.31330665946006775,0.6174789071083069,0.6375451683998108
PEARL WARREN-GARCIA,1,19,2,0,0,64.90118408203125,0.0918695256114006,0.18481256067752838,0.43374839425086975,0.44488903880119324
WANDA DAUGHTRY,1,14,2,0,0,61.95829391479492,0.10450533032417297,0.17804908752441406,0.48795539140701294,0.49895161390304565
FORM TYPE:,1,10,2,0,1,0,0.035911839455366135,0.0819053202867508,0.514998733997345,0.5255476236343384
MED-REC Form,1,12,2,0,0,83.66047668457031,0.05442336946725845,0.11007773131132126,0.5304208993911743,0.541979968547821
Non MED-REC Form,1,16,3,0,0,86.85943603515625,0.15815700590610504,0.22963954508304596,0.5305570960044861,0.5417976379394531
BILL TO:,0,8,2,0,1,0,0.11705721169710159,0.17029179632663727,0.5513518452644348,0.5683408975601196
To Be Completed by PURCHASING,0,29,5,0,0,0,0.0719180479645729,0.21427911520004272,0.6321548819541931,0.6467466354370117
MARK TODD,1,9,2,0,0,62.732879638671875,0.1154886782169342,0.16146710515022278,0.6861617565155029,0.6986879110336304
COMPLETED BY:,0,13,2,0,1,0,0.0898834615945816,0.19571945071220398,0.7262226939201355,0.7431042194366455
HOSPITAL TYPESETTER:,0,20,2,0,1,0,0.03569808602333069,0.12717470526695251,0.744333028793335,0.7553924918174744
TIM ROLF,1,8,2,0,0,67.27914428710938,0.12011276930570602,0.15655308961868286,0.7923358678817749,0.803035318851471
ADDITIONAL COMMENTS:,1,20,2,0,1,0,0.25275737047195435,0.34693506360054016,0.8076055645942688,0.8189612627029419
DATE,1,4,1,0,0,77.30989074707031,0.12812873721122742,0.14850667119026184,0.9511309266090393,0.9627178311347961
APPROVED BY:,0,12,2,0,1,0,0.09479296952486038,0.19165292382240295,0.8461472392082214,0.8624071478843689
REQUESTOR,1,9,1,0,0,63.10474395751953,0.11431512236595154,0.16296438872814178,0.9115493893623352,0.9225085377693176
8850534 Rev. 05/05,0,18,3,0,0,0,0.03565444052219391,0.11871202290058136,0.9671523571014404,0.980288565158844
Typesetting Request_MATERIAL MANAGEMENT,0,39,3,0,0,0,0.461896687746048,0.6592919230461121,0.9670075178146362,0.9809156656265259
PAGE 1 of 1,0,11,4,0,0,0,0.9048116207122803,0.9627402424812317,0.9674627184867859,0.9809218645095825
SPEECH THERAPY CLINICAL NOTE & VISIT,0,36,6,0,0,0,0.25247475504875183,0.7359150648117065,0.07091331481933594,0.08630777150392532
REPORT SHEET,0,12,2,0,0,0,0.40492045879364014,0.5839206576347351,0.08953874558210373,0.10407978296279907
PATIENT'S NAME,1,14,2,0,0,39.819923400878906,0.03865509852766991,0.15937039256095886,0.12358765304088593,0.13349628448486328
MEDICAL RECORD #,1,16,3,0,0,34.76438522338867,0.6211804151535034,0.7721248865127563,0.12393631041049957,0.13409394025802612
Service Type,1,12,2,0,0,0,0,0,0,0
TIME,0,4,1,0,0,0,0.8034727573394775,0.8397117853164673,0.2020566761493683,0.21165844798088074
MILEAGE,1,7,1,0,0,0,0.6823722124099731,0.7484411001205444,0.1444503515958786,0.15439653396606445
FREQUENCY OF VISITS:,1,20,3,0,1,0,0.03886774554848671,0.211312398314476,0.15090328454971313,0.1610180288553238
LOV,1,3,1,0,0,0,0.48896706104278564,0.518730640411377,0.15522192418575287,0.1654675453901291
Travel,1,6,1,0,0,0,0.5655307173728943,0.6066214442253113,0.1553318351507187,0.1657104790210724
TIME IN,1,7,2,0,0,0,0,0,0,0
DATE:,1,5,1,0,1,0,0.038995202630758286,0.08123143017292023,0.20154337584972382,0.21158133447170258
Ext.,1,4,1,0,0,0,0.5743851661682129,0.5997720956802368,0.20168332755565643,0.21173891425132751
TIME OUT,1,8,2,0,0,0,0,0,0,0
MD Contact,1,10,2,0,0,0,0.6027440428733826,0.6816827654838562,0.24444065988063812,0.25453221797943115
SUPPLIES,0,8,1,0,0,0,0.4585607051849365,0.5311938524246216,0.2846275269985199,0.2944558560848236
Place Supply Labels on DP Copy,0,30,6,0,0,0,0.37903714179992676,0.6111348271369934,0.3006405830383301,0.3132363557815552
00,0,2,1,0,0,0,0.6418159604072571,0.6591579914093018,0.32169148325920105,0.33067113161087036
O,0,1,1,0,0,0,0.699248194694519,0.7160646915435791,0.3217085301876068,0.3299669623374939
OO,0,2,1,0,0,0,0.7543831467628479,0.7721660137176514,0.3208645284175873,0.32869940996170044
I have been notified of a change in the plan of care.,1,53,12,0,0,59.70536422729492,0.10495419055223465,0.4446433186531067,0.3404015302658081,0.352383553981781
0,0,1,1,0,0,0,0.6473347544670105,0.6542742252349854,0.3488486409187317,0.3549652695655823
2,0,1,1,0,0,0,0.7037381529808044,0.7105098366737366,0.34811660647392273,0.3550887703895569
4,0,1,1,0,0,0,0.7596277594566345,0.766319990158081,0.34843096137046814,0.3548800051212311
6,0,1,1,0,0,0,0.81512451171875,0.8224083781242371,0.34855371713638306,0.355475515127182
8,0,1,1,0,0,0,0.8725976943969727,0.8790538907051086,0.348794162273407,0.3555643558502197
10,0,2,1,0,0,0,0.9258394241333008,0.935768187046051,0.34909823536872864,0.3556070327758789
No Hurt,0,7,2,0,0,0,0.6334355473518372,0.6672972440719604,0.3574206829071045,0.3643208146095276
Hurts Little Bit,0,16,3,0,0,0,0,0,0,0
Hurts Little More,0,17,3,0,0,0,0,0,0,0
Hurts Even More,0,15,3,0,0,0,0,0,0,0
Hurts Whole Lot,0,15,3,0,0,0,0,0,0,0
Hurts Worst,0,11,2,0,0,0,0,0,0,0
Patient's Signature,1,19,2,0,0,63.921592712402344,0.03987370803952217,0.16361896693706512,0.3897949159145355,0.4018028974533081
Pain is:,1,8,2,0,1,36.24237060546875,0.6310529708862305,0.6796456575393677,0.3900139033794403,0.3996813893318176
RN notified,1,11,2,0,0,0,0.7420603632926941,0.815508246421814,0.3898526728153229,0.39979904890060425
Clinical Update: Information in box will be entered for medical update,0,70,11,0,1,0,0.26433345675468445,0.7256614565849304,0.4170094132423401,0.429450660943985
SPEECH THERAPY NARRATIVE,0,24,3,0,0,0,0.37198206782341003,0.6189736127853394,0.4517368674278259,0.46296972036361694
S. Subjective Comments:,1,23,3,0,1,63.38438415527344,0.047096703201532364,0.2338564097881317,0.4733870029449463,0.486545205116272
O. Objective:,0,13,2,0,1,0,0.04712503403425217,0.1423245072364807,0.5159490704536438,0.529442548751831
Speech Production,1,17,2,0,0,0,0.23147358000278473,0.37077611684799194,0.5161828994750977,0.5293037295341492
Language,1,8,1,0,0,0,0.4652138352394104,0.5367777347564697,0.5171305537223816,0.5297819972038269
Fluency,1,7,1,0,0,0,0.6322933435440063,0.6900924444198608,0.5164051651954651,0.5296112298965454
Voice,1,5,1,0,0,0,0.7943707704544067,0.8349924683570862,0.5167577266693115,0.5277521014213562
Articulation,1,12,1,0,0,73.80638885498047,0.25954046845436096,0.3401954770088196,0.5376133918762207,0.5485800504684448
Receptive,1,9,1,0,0,75.87261962890625,0.492318332195282,0.5653517246246338,0.5375937223434448,0.5509642362594604
Direct,1,6,1,0,0,77.88536834716797,0.3509060740470886,0.3948774039745331,0.6021308302879333,0.6132757067680359
Assisted,1,8,1,0,0,73.2784652709961,0.25835415720939636,0.3215709328651428,0.5591741800308228,0.5700916051864624
Expressive,1,10,1,0,0,79.5733413696289,0.4920198619365692,0.5725871324539185,0.5588340163230896,0.572299599647522
Indirect,1,8,1,0,0,64.83975982666016,0.35131463408470154,0.40561074018478394,0.6234779953956604,0.6342356204986572
Unassisted,1,10,1,0,0,82.10760498046875,0.8223041296005249,0.9027647376060486,0.5597198605537415,0.5707990527153015
Dysphagia,1,9,1,0,0,0,0.323811799287796,0.4012148380279541,0.5806882381439209,0.5939439535140991
Family Training,1,15,2,0,0,0,0.5602575540542603,0.6721373200416565,0.580557107925415,0.5941751003265381
Conference,1,10,1,0,0,89.31549072265625,0.5872970819473267,0.6724986433982849,0.6021459102630615,0.6132761240005493
Individual,1,10,1,0,0,76.27681732177734,0.5882326364517212,0.657253623008728,0.6236656308174133,0.6344461441040039
Passive,1,7,1,0,0,56.155914306640625,0.3514414131641388,0.40888217091560364,0.6448598504066467,0.6556546688079834
A. Assessment:,1,14,2,0,1,0,0.04775632545351982,0.16408900916576385,0.6878964304924011,0.699066698551178
P. Plan:,1,8,2,0,1,66.138427734375,0.04824737459421158,0.10710252821445465,0.7952901124954224,0.8063055872917175
Speech - Language Pathologist Signature,1,39,5,0,0,49.65198516845703,0.5619001984596252,0.8669300675392151,0.870855450630188,0.8845917582511902
440 - Billable Visit - Service Type,0,35,7,0,0,0,0.04595283046364784,0.27958953380584717,0.8961887955665588,0.9091792702674866
449 Nonbillable Visit - Service Type,0,36,6,0,0,39.545509338378906,0.4659598469734192,0.7263191938400269,0.8965204358100891,0.9093060493469238
EXTENSION CODES,0,15,2,0,0,0,0.5086102485656738,0.6586422324180603,0.9168422222137451,0.927216649055481
105 = Discharge Visit,0,21,4,0,0,0,0.04741186276078224,0.19592693448066711,0.9368013739585876,0.9493004083633423
108 = PRN Visit,0,15,4,0,0,0,0.2458300143480301,0.3562491238117218,0.9366023540496826,0.9470483064651489
106 - Evaluation Visit,0,22,4,0,0,0,0.04719097539782524,0.19856925308704376,0.9516697525978088,0.9623838067054749
200 = After Hours Visit,0,23,5,0,0,0,0.24427162110805511,0.40243056416511536,0.9515864849090576,0.9624443650245667
Your,0,4,1,0,0,0,0.14905740320682526,0.2238585352897644,0.03114544413983822,0.057711996138095856
Hospital's,0,10,1,0,0,0,0.1156117245554924,0.2585330307483673,0.05698012933135033,0.08591460436582565
EMERGENCY DEPT,0,14,2,0,0,0,0.3148067891597748,0.5533857941627502,0.04606931656599045,0.07257398962974548
Logo,0,4,1,0,0,0,0.15078717470169067,0.22376379370689392,0.08529143035411835,0.11272942274808884
OUTPATIENT SVCS,0,15,2,0,0,0,0.31577613949775696,0.5544290542602539,0.07259318232536316,0.09732899814844131
ASSESSMENT,0,10,1,0,0,0,0.3786371052265167,0.5513062477111816,0.09835370630025864,0.12258826941251755
Here,0,4,1,0,0,0,0.15450513362884521,0.22358152270317078,0.11209942400455475,0.1380629688501358
CASE MANAGEMENT DEPARTMENT,0,26,3,0,0,0,0.31762319803237915,0.5529500246047974,0.1426473706960678,0.1574440449476242
PATIENT IDENTIFICATION,0,22,2,0,0,0,0.6582996845245361,0.8610506653785706,0.1433345377445221,0.15847815573215485
Date of Assessment:,1,19,3,0,1,63.95552062988281,0.09523146599531174,0.21710829436779022,0.16595228016376495,0.17788226902484894
Referred by:,1,12,2,0,1,0,0.4503156840801239,0.5224826335906982,0.16598163545131683,0.17868772149085999
MD,1,2,1,0,0,85.81867218017578,0.5608441233634949,0.5812558531761169,0.16442151367664337,0.17781369388103485
Nursing,1,7,1,0,0,89.12480163574219,0.6197736859321594,0.665611982345581,0.16590723395347595,0.1786789894104004
CMC/SW,1,6,1,0,0,82.2774429321289,0.7020432949066162,0.7575123906135559,0.1655406951904297,0.1777178943157196
Other:,1,6,1,0,1,45.93906784057617,0.6866438388824463,0.7235391736030579,0.5181556940078735,0.5305451154708862
Diagnosis(s):,1,13,1,0,1,70.66600036621094,0.09495089203119278,0.17194129526615143,0.18577387928962708,0.19800665974617004
Payor Source: ,1,14,3,0,1,49.99465560913086,0,0,0,0
Prim:,1,5,1,0,1,49.99465560913086,0,0,0,0
Sec.:,1,5,1,0,1,72.78773498535156,0.46067947149276733,0.49054446816444397,0.20503373444080353,0.21707747876644135
# of ED visits / Hospitalizations within last 6 months:,1,55,10,0,1,56.323997497558594,0.09490025788545609,0.39767056703567505,0.2240687906742096,0.23742027580738068
MARITAL STATUS:,1,15,2,0,1,0,0.0967549979686737,0.22940245270729065,0.24923796951770782,0.26283028721809387
Age,1,3,1,0,0,74.29963684082031,0.3299500644207001,0.3551591634750366,0.25108975172042847,0.26281771063804626
Prim Contact/Decision Maker:,1,28,3,0,1,61.458133697509766,0.4608653485774994,0.6464176177978516,0.2497115135192871,0.2623741626739502
M,1,1,1,0,0,79.59355926513672,0.11669671535491943,0.1282273828983307,0.27136194705963135,0.2826893925666809
s,1,1,1,0,0,81.72770690917969,0.16182075440883636,0.17115885019302368,0.2701089084148407,0.2835673987865448
E,1,1,1,0,0,70.53208923339844,0.21014370024204254,0.2194816619157791,0.2705442011356354,0.2832416594028473
W,1,1,1,0,0,84.23087310791016,0.25916141271591187,0.271791011095047,0.27043014764785767,0.2830471396446228
D,1,1,1,0,0,76.31149291992188,0.3109337389469147,0.32083559036254883,0.27012529969215393,0.2834273874759674
Relationship:,1,13,1,0,1,86.78235626220703,0.4600394666194916,0.5385318398475647,0.27155330777168274,0.2832046449184418
Phone #:,1,8,2,0,1,79.18904113769531,0.7378308773040771,0.7905645966529846,0.29598528146743774,0.30889469385147095
Power of Attorney:,1,18,3,0,1,0,0.09619220346212387,0.2275400310754776,0.2955677807331085,0.30983421206474304
Y,1,1,1,0,0,80.88532257080078,0.27833375334739685,0.28712424635887146,0.3143771290779114,0.32674235105514526
N,1,1,1,0,0,80.87300109863281,0.3260607123374939,0.33591529726982117,0.31483393907546997,0.32649585604667664
"If yes, Name:",1,13,3,0,1,75.2402572631836,0.3770008385181427,0.45424792170524597,0.29606688022613525,0.308864563703537
Phone #:,1,8,2,0,1,0,0,0,0,0
Advanced Directive:,1,19,2,0,1,0,0.09520097821950912,0.2368009388446808,0.3144225478172302,0.32743895053863525
Comment:,1,8,1,0,1,77.2520523071289,0.394404798746109,0.4548643231391907,0.3147757947444916,0.3266369700431824
Mental Status:,1,14,2,0,1,0,0.0964113101363182,0.19551588594913483,0.3368490934371948,0.3501029312610626
Emotional Status:,1,17,2,0,1,0,0.5320658087730408,0.6571085453033447,0.337388277053833,0.35003629326820374
Coping Appropriately,1,20,2,0,0,87.31836700439453,0.7023218870162964,0.8258225917816162,0.3376215994358063,0.35039371252059937
Alert/Oriented to:,1,18,2,0,1,87.69981384277344,0.11757298558950424,0.2169131636619568,0.3515883684158325,0.36310482025146484
person,1,6,1,0,0,87.74116516113281,0.26612764596939087,0.3070821762084961,0.3515792191028595,0.36377599835395813
place,1,5,1,0,0,79.2505874633789,0.35992375016212463,0.391512930393219,0.3516295552253723,0.3632582128047943
time,1,4,1,0,0,85.09070587158203,0.4341077506542206,0.4592253565788269,0.3516802489757538,0.36268237233161926
Confused,1,8,1,0,0,83.31769561767578,0.11680164933204651,0.17354588210582733,0.36514046788215637,0.37666237354278564
Forgetful,1,9,1,0,0,85.5086898803711,0.22565019130706787,0.2774856686592102,0.364573210477829,0.37694820761680603
Lethargic/Comatose,1,18,1,0,0,93.74050903320312,0.32466748356819153,0.44477754831314087,0.36465364694595337,0.3771405518054962
Financial Status:,1,17,2,0,1,0,0.5326328873634338,0.6491557359695435,0.3647816479206085,0.37704411149024963
Cognitive Deficit:,1,18,2,0,1,78.87811279296875,0.11733899265527725,0.21589285135269165,0.3778527081012726,0.39031481742858887
Able to meet monthly expenses,1,29,5,0,0,90.66546630859375,0.552659809589386,0.7365443110466003,0.37823933362960815,0.39043232798576355
Other:,1,6,1,0,1,0,0,0,0,0
Level of Function:,0,18,3,0,1,0,0.09616062045097351,0.22233712673187256,0.4135911166667938,0.426791787147522
Personal Care / ADLs / IADLs:,1,29,6,0,1,0,0.5316576957702637,0.7405335307121277,0.4132337272167206,0.4272406995296478
Ambulation:,1,11,1,0,1,0,0.09456775337457657,0.17184732854366302,0.4281102418899536,0.439982146024704
Independent,1,11,1,0,0,81.9172134399414,0.668458878993988,0.7426655292510986,0.42861559987068176,0.4402952194213867
Assistance with,1,15,2,0,0,75.3290786743164,0.6684035062789917,0.7595804333686829,0.4414934515953064,0.45339512825012207
Dependent / Bed bound,1,21,4,0,0,87.56941986083984,0.6685877442359924,0.8078442215919495,0.45385289192199707,0.46742895245552063
Living Situation / Environment:,1,31,4,0,1,0,0.09589103609323502,0.31341129541397095,0.4771672487258911,0.49100396037101746
Home Type:,1,10,2,0,1,0,0.5329697132110596,0.6246694326400757,0.477510005235672,0.49118173122406006
Lives alone,1,11,2,0,0,88.54461669921875,0.11700654029846191,0.18396836519241333,0.49131548404693604,0.5032931566238403
with spouse,1,11,2,0,0,86.71603393554688,0.22908629477024078,0.2985032796859741,0.4918792247772217,0.5037998557090759
with family,1,11,2,0,0,89.30947875976562,0.3596973717212677,0.42171037197113037,0.491309255361557,0.5036988854408264
Single Family,1,13,2,0,0,84.3221664428711,0.5528277158737183,0.6323167681694031,0.4912465512752533,0.5040088295936584
Multi-Family,1,12,1,0,0,90.24136352539062,0.6723548173904419,0.7432489991188049,0.49116775393486023,0.5036889314651489
Sr. Housing,1,11,2,0,0,87.96246337890625,0.7956423163414001,0.8643609285354614,0.49145829677581787,0.5037919282913208
SNF (long term) bed hold expires:,1,33,6,0,1,68.67405700683594,0.1162853091955185,0.31423455476760864,0.5035123229026794,0.5174645185470581
Apt,1,3,1,0,0,74.66719818115234,0.5525926351547241,0.5737538933753967,0.5053062438964844,0.5168122053146362
Levels: #,1,9,2,0,1,0,0.6036061644554138,0.6567608714103699,0.5042613744735718,0.5166460871696472
Stairs: #,1,9,2,0,1,60.531246185302734,0.7417294383049011,0.7804371118545532,0.5046192407608032,0.516291618347168
Elevator,1,8,1,0,0,75.01720428466797,0.8957599401473999,0.944858729839325,0.5044834613800049,0.5161250829696655
Other:,1,6,1,0,1,0,0,0,0,0
W/C Ramp,1,8,2,0,0,85.8668212890625,0.5528966784477234,0.6176533102989197,0.5182321667671204,0.5308014154434204
Other:,1,6,1,0,1,0,0,0,0,0
Home Care Services:,1,19,3,0,1,0,0.09607204794883728,0.24277597665786743,0.5378678441047668,0.5516799092292786
Support System / Community Resources:,1,37,5,0,1,63.39825439453125,0.5317816734313965,0.8219562768936157,0.537263810634613,0.552393913269043
Agency:,1,7,1,0,1,83.54985809326172,0.09460601210594177,0.14256638288497925,0.557722270488739,0.5694675445556641
Service(s) Received:,1,20,2,0,1,81.19629669189453,0.09472128748893738,0.2165728062391281,0.5775564312934875,0.5904058814048767
D/C Plan:,1,9,2,0,1,0,0.09591097384691238,0.1606435328722,0.6004711389541626,0.6138066053390503
Refer to:,1,9,2,0,1,72.82975769042969,0.5529587864875793,0.6033649444580078,0.6006032228469849,0.6124709248542786
APS,1,3,1,0,0,80.30803680419922,0.6422234177589417,0.668977677822113,0.6008663177490234,0.6131840944290161
CPS,1,3,1,0,0,80.01655578613281,0.7090824842453003,0.736961305141449,0.6009464263916016,0.6129369139671326
"Return home, no services;",1,25,4,0,0,84.67613220214844,0.11684193462133408,0.27044880390167236,0.6141201853752136,0.6268081068992615
Refer to Psychiatry,1,19,3,0,0,91.7978744506836,0.553070068359375,0.6645507216453552,0.6138992309570312,0.6268506050109863
Home care:,1,10,2,0,1,75.01119232177734,0.11687964200973511,0.18552494049072266,0.627592146396637,0.6399216651916504
New referral,1,12,2,0,0,88.79194641113281,0.2964950501918793,0.3675767481327057,0.6273280382156372,0.6396689414978027
Re-Referral,1,11,1,0,0,89.72067260742188,0.40741515159606934,0.47665029764175415,0.6277112364768982,0.6394181847572327
Refer to Financial Assistance,1,29,4,0,0,91.65965270996094,0.552969753742218,0.7226262092590332,0.6274672150611877,0.6400824785232544
Long term placement:,1,20,3,0,1,92.0960464477539,0.11666228622198105,0.2444000095129013,0.6413202881813049,0.6539338827133179
Refer to Meals-on-Wheels,1,24,3,0,0,92.72417449951172,0.5530767440795898,0.705970823764801,0.6405426859855652,0.6534538865089417
Refer to Shelter,1,16,3,0,0,88.9493408203125,0.11693170666694641,0.20978158712387085,0.6540708541870117,0.6670869588851929
Refer to Community Case Management,1,34,5,0,0,90.56456756591797,0.5531383156776428,0.785315990447998,0.6546092629432678,0.6672782301902771
Refer to Substance Abuse,1,24,4,0,0,87.86222076416016,0.1169111579656601,0.2709117829799652,0.6684640049934387,0.6804467439651489
Refer to other Community Services:,1,34,5,0,1,83.6562271118164,0.5528489351272583,0.7614356279373169,0.6685702800750732,0.6808027625083923
Plan for next ED visit within 6 months:,1,39,8,0,1,41.66490936279297,0.09550159424543381,0.31619513034820557,0.686108410358429,0.6986759305000305
Educational Need(s):,1,20,2,0,1,33.886131286621094,0.09602885693311691,0.22523868083953857,0.7100012898445129,0.7223711013793945
DIC Plan: Discussed with:,1,25,4,0,1,0,0.10519620031118393,0.2835512161254883,0.7339299321174622,0.7473540306091309
Pt.,1,3,1,0,0,84.97938537597656,0,0,0,0
Family,1,6,1,0,0,42,0,0,0,0
S/O,1,3,1,0,0,42,0,0,0,0
Understood:,1,11,1,0,1,42,0,0,0,0
Fully,1,5,1,0,0,42,0,0,0,0
Partially,1,9,1,0,0,42,0,0,0,0
None,1,4,1,0,0,68.1573486328125,0.8291975855827332,0.860823929309845,0.7342966198921204,0.7465744614601135
Barrier's to Discharge:,1,23,3,0,1,0,0.095339834690094,0.23637577891349792,0.759108304977417,0.7717161774635315
Comments:,1,9,1,0,1,72.7545166015625,0.09568151086568832,0.1625916063785553,0.783204972743988,0.7952181696891785
RN / SW Signature / Title / Beeper #:,1,37,9,0,1,72.9916000366211,0.0952925831079483,0.3101501762866974,0.8939080238342285,0.9074611067771912
Date:,1,5,1,0,1,62.42927169799805,0.7250039577484131,0.7566370964050293,0.8945668935775757,0.906960129737854
DO NOT THIN,0,11,3,0,0,0,0.45113664865493774,0.599108099937439,0.9129587411880493,0.9319946765899658
PART OF THE MEDICAL RECORD,0,26,5,0,0,0,0.26155227422714233,0.7883935570716858,0.930868923664093,0.9588226675987244
8850096 Rev. 05/05,0,18,3,0,0,0,0.0908418670296669,0.1971731334924698,0.9579609632492065,0.9685176014900208
Outpatient Services Assessment E MANAGEMENT,0,43,5,0,0,0,0.37086978554725647,0.6797599196434021,0.9564645886421204,0.9687269330024719
PAGE 1 of 1,0,11,4,0,0,0,0.8829489946365356,0.9580833911895752,0.9560625553131104,0.9696789383888245
DATE of MAMMOGRAM:,1,18,3,0,1,58.7779655456543,0.08864058554172516,0.21472898125648499,0.03821932524442673,0.048143092542886734
TELEPHONE:,1,10,1,0,1,47.933414459228516,0.34320083260536194,0.4143332242965698,0.03884238749742508,0.04791935160756111
Your,0,4,1,0,0,0,0.7341405153274536,0.805579423904419,0.040476296097040176,0.06325457990169525
Hospital's,0,10,1,0,0,0,0.7040312886238098,0.8372403383255005,0.06606368720531464,0.09162580221891403
NAME:,1,5,1,0,1,59.17544937133789,0.08883558958768845,0.1241302341222763,0.1030515655875206,0.11273635923862457
Logo,0,4,1,0,0,0,0.736320972442627,0.8073880076408386,0.09537488967180252,0.11999024450778961
ADDRESS:,1,8,1,0,1,53.43631362915039,0.08885567635297775,0.14728310704231262,0.13507264852523804,0.14453628659248352
Here,0,4,1,0,0,0,0.7393378019332886,0.8062217831611633,0.1239490658044815,0.14577984809875488
Wellness Institute & Mammography Center,0,39,5,0,0,0,0.6638104915618896,0.9124478101730347,0.15456831455230713,0.16642425954341888
CITY / STATE / ZIP:,1,19,5,0,1,61.25528335571289,0.0889776200056076,0.19376572966575623,0.16824327409267426,0.17768332362174988
Street Address,0,14,2,0,0,0,0.7425270676612854,0.8330729007720947,0.16707463562488556,0.17779284715652466
"City, State Zip",0,15,3,0,0,0,0.7449319958686829,0.8309893608093262,0.1783987283706665,0.1912214607000351
(202) 555 1212,0,14,3,0,0,0,0.7375513315200806,0.837333619594574,0.19123432040214539,0.20359963178634644
The results of your recent mammogram are normal.,1,48,8,0,0,61.047584533691406,0.12226051092147827,0.5533508658409119,0.25157222151756287,0.2687852680683136
"Although mammography is the most accurate method for early detection, not all cancers are found by",0,98,16,0,0,0,0.12437427043914795,0.9018679261207581,0.2726436257362366,0.2873065173625946
mammography. A breast self-examination and professiona physical exam are also recommended.,0,90,11,0,0,0,0.12452290952205658,0.7925790548324585,0.2885904014110565,0.30265653133392334
"On the basis of your present mammogram, we recommend a repeat mammogram in",1,74,13,0,0,34.427825927734375,0.12485553324222565,0.6955618858337402,0.3183881938457489,0.3324776887893677
months.,0,7,1,0,0,0,0.7800717949867249,0.8352115750312805,0.3201308250427246,0.3315136432647705
Your mammogram showed a finding that requires additional imaging studies.,1,73,10,0,0,55.88322448730469,0.12213481962680817,0.7704464197158813,0.3707330822944641,0.3885312080383301
"For you to have these additional studies, they must be ordered by your physician. You and your physician should",0,111,19,0,0,0,0.12466304004192352,0.9001758098602295,0.3933202624320984,0.4064740240573883
discuss these additional tests.,0,31,4,0,0,0,0.12450869381427765,0.33027181029319763,0.40834298729896545,0.4203873574733734
"Your mammogram shows an abnormality that is probably benign, but additional evaluation is needed.",1,97,14,0,0,57.48369598388672,0,0,0,0
"On the basis of mammography alone, a repeat mammogram in",1,56,10,0,0,0,0.12483961880207062,0.5639886856079102,0.49858149886131287,0.5125892162322998
"months is recommended. However,",0,31,4,0,0,0,0.6513586044311523,0.9008942246437073,0.49859166145324707,0.5120814442634583
"you should discuss these results with your physician, as well as your medical history, your physical breast exam,",0,113,18,0,0,0,0.12418288737535477,0.9016842246055603,0.5138238668441772,0.5277066230773926
and your concerns.,0,18,3,0,0,0,0.12472686916589737,0.25368139147758484,0.5296266078948975,0.5428558588027954
Your mammogram shows an abnormality that requires further follow-up by you and your physician. You should do this as soon as possible.,1,134,22,0,0,61.45570755004883,0,0,0,0
"You and your physician will decide what additional tests are needed, based on the findings of your mammogram",0,108,18,0,0,0,0.12465617060661316,0.9002487659454346,0.6217403411865234,0.635755717754364
"your breast physical examination, your medical history and your concerns.",0,73,10,0,0,0,0.12416454404592514,0.617721438407898,0.637221097946167,0.6508163213729858
Your mammogram shows an abnormality. We recommend that you obtain your previous recent mammograms for comparison.,1,113,16,0,0,57.426143646240234,0,0,0,0
Please personally bring your previous mammogram(s) or have them sent to Xxxx Hospital's Mammography,0,99,14,0,0,0,0.12436266243457794,0.9025140404701233,0.7294001579284668,0.7441892027854919
"Department. We will compare them to your present mammogram, and send a new report to both you and your",0,102,19,0,0,0,0.12422341108322144,0.9005991220474243,0.7446404695510864,0.7589584589004517
"physician. You may pick up previous mammogram(s) afterward, or we will send them back to the source facility. If",0,112,19,0,0,0,0.12482715398073196,0.9013915061950684,0.7607167363166809,0.7759310603141785
"previous mammograms cannot be obtained, then another approach must be chosen. It is",0,83,13,0,0,0,0.12500065565109253,0.9009415507316589,0.7777074575424194,0.7946619391441345
important that you discuss this with your physician.,0,52,8,0,0,0,0.12523286044597626,0.5626349449157715,0.7961314916610718,0.8124967813491821
RADIOLOGIST:,1,12,1,0,1,81.41110229492188,0.12088426202535629,0.20036070048809052,0.8596029281616211,0.868950605392456
DATE:,1,5,1,0,1,57.67148208618164,0.5987218022346497,0.6310043931007385,0.8594105839729309,0.8690550923347473
PART OF THE MEDICAL RECORD,0,26,5,0,0,0,0.22886034846305847,0.7699010372161865,0.9311686158180237,0.9554569125175476
8850343 Rev. 05/05,0,18,3,0,0,0,0.08941438794136047,0.19754783809185028,0.9610564708709717,0.9701032042503357
Mammography Results_WELLNESS,0,28,2,0,0,0,0.4076220989227295,0.5935757756233215,0.9599281549453735,0.9702458381652832
PAGE 1 of 1,0,11,4,0,0,0,0.836746096611023,0.9125546813011169,0.9598342180252075,0.9717178344726562
ADULT,0,5,1,0,0,0,0.29387933015823364,0.38239553570747375,0.01981915347278118,0.036952950060367584
ADMISSION ASSESSMENT,0,20,2,0,0,0,0.17060334980487823,0.5066131949424744,0.04432991147041321,0.06275877356529236
Date,1,4,1,0,0,75.35124206542969,0.15811040997505188,0.19317404925823212,0.7295910120010376,0.7406847476959229
Time,1,4,1,0,0,43.61994552612305,0.44480761885643005,0.4813646674156189,0.7299121022224426,0.7410984635353088
Addressograph,0,13,1,0,0,0,0.7280105948448181,0.8178988695144653,0.13445982336997986,0.14580942690372467
Person to Notify in Case of Emergency:,1,38,7,0,1,0,0.0877976268529892,0.39793628454208374,0.1688944548368454,0.1832129806280136
Questions for Patient:,0,22,3,0,1,0,0.5072675347328186,0.6793797016143799,0.1643325537443161,0.17611022293567657
Yes,1,3,1,0,0,0,0.8303197622299194,0.855189323425293,0.16750779747962952,0.17791135609149933
No,1,2,1,0,0,0,0.9063214063644409,0.9257575273513794,0.16797120869159698,0.17789271473884583
Name,1,4,1,0,0,72.53258514404297,0.0880666971206665,0.13228002190589905,0.18683850765228271,0.197979137301445
*Advanced Directives,1,20,2,0,0,0,0.508450448513031,0.6644341349601746,0.18240886926651,0.194114089012146
Phone,1,5,1,0,0,67.84439086914062,0.08787453174591064,0.1356629580259323,0.20464637875556946,0.21595367789268494
Durable POA,1,11,2,0,0,0,0.5075602531433105,0.6050541996955872,0.20014192163944244,0.2114996314048767
Relationship,1,12,1,0,0,67.98461151123047,0.08774023503065109,0.17839862406253815,0.22261710464954376,0.2358722686767578
Healthcare Surrogate,1,20,2,0,0,0,0.5072580575942993,0.6638776063919067,0.21795721352100372,0.23213213682174683
*Organ Donor,1,12,2,0,0,0,0.50687575340271,0.6103509068489075,0.23596246540546417,0.24926728010177612
Orientation to Nursing Unit:,0,28,4,0,1,0,0.08768965303897858,0.3045961856842041,0.2579607665538788,0.2723656892776489
Patient Rights Information Reviewed,1,35,4,0,0,0,0.5071662068367004,0.7741823196411133,0.25364670157432556,0.26738932728767395
Nurse Call System (,1,19,4,0,0,49.87409973144531,0.08769872784614563,0.23566342890262604,0.2761271297931671,0.29006844758987427
),0,1,1,0,0,0,0.18305489420890808,0.18856176733970642,0.8251012563705444,0.8382508158683777
Patient Voice Understanding of Above,1,36,5,0,0,0,0.5073440670967102,0.7846217155456543,0.2714836895465851,0.2856394052505493
Crib / Side Rails ( ),1,21,6,0,0,50.606746673583984,0.08802326023578644,0.24256904423236847,0.29391393065452576,0.3078180253505707
"*If no, information given",1,25,4,0,0,0,0.5090843439102173,0.6810408234596252,0.2893575131893158,0.3033267855644226
Bathroom ( ),1,12,3,0,0,70.33080291748047,0.08770257234573364,0.19432273507118225,0.3120039105415344,0.32551810145378113
Phone ( ),1,9,3,0,0,68.22869110107422,0.08782592415809631,0.17090745270252228,0.32987096905708313,0.3431723117828369
Admitted from:,1,14,2,0,1,0,0.5073647499084473,0.6249315142631531,0.32554852962493896,0.3368719220161438
No Smoking ( ),1,14,4,0,0,68.72293090820312,0.08745153993368149,0.21351096034049988,0.3475630283355713,0.36120104789733887
Home ( ),1,8,3,0,0,73.1265869140625,0.507076621055603,0.5869011878967285,0.3405954837799072,0.3543716371059418
ER ( ),1,6,3,0,0,0,0.6777130961418152,0.7367802262306213,0.34107303619384766,0.35432547330856323
Swingbed ( ),1,12,3,0,0,76.07616424560547,0.5077820420265198,0.6156470775604248,0.355878084897995,0.36974862217903137
Surgery ( ),1,11,3,0,0,36.20056915283203,0.6778525710105896,0.7717812061309814,0.35625699162483215,0.37095776200294495
No leaving children unattended (,1,32,5,0,0,52.30064392089844,0.08736249059438705,0.32682815194129944,0.36537519097328186,0.3794550597667694
Nursing Home (,1,14,3,0,0,57.052642822265625,0.5072540640830994,0.6237176060676575,0.37129858136177063,0.38512206077575684
MD Office ( ),1,13,4,0,0,0,0.6779963374137878,0.7866524457931519,0.37133556604385376,0.38490593433380127
Bed Controls (,1,14,3,0,0,65.44188690185547,0.08734574168920517,0.1942223459482193,0.3835008144378662,0.3968926966190338
ID Bracelet ( ),1,15,4,0,0,70.60305786132812,0.08758097141981125,0.20426422357559204,0.40134480595588684,0.41490358114242554
Admitted via:,1,13,2,0,1,0,0.5070825815200806,0.6114529371261597,0.4072745442390442,0.4185241162776947
TV Controls ( ),1,15,4,0,0,73.86337280273438,0.08689422905445099,0.2105361521244049,0.41910678148269653,0.4330848753452301
Stretcher ( ),1,13,3,0,0,75.18177032470703,0.5067662000656128,0.6101438403129578,0.42253589630126953,0.43615031242370605
Ambulatory ( ),1,14,3,0,0,60.59821701049805,0.6770289540290833,0.7968952655792236,0.4230476915836334,0.43669643998146057
Visiting Hours (,1,16,3,0,0,73.51034545898438,0.0867626965045929,0.1999393254518509,0.4368261992931366,0.450758159160614
Wheelchair ( ),1,14,3,0,0,74.83121490478516,0.5068401098251343,0.6252331733703613,0.4378051459789276,0.45135509967803955
Parent's Arms ( ),1,17,4,0,0,65.6510238647461,0.6781629920005798,0.8165509104728699,0.4382821023464203,0.45178309082984924
Patient Information (,1,21,3,0,0,39.96656036376953,0.08769378811120987,0.23685389757156372,0.455098420381546,0.46898114681243896
Chief Complaint:,1,16,2,0,1,64.355712890625,0.08700872957706451,0.21852213144302368,0.49043405055999756,0.5041185617446899
Vital Signs: ,1,13,3,0,1,81.70584869384766,0,0,0,0
Temp,1,4,1,0,0,81.70584869384766,0,0,0,0
Pulse,1,5,1,0,0,82.8364486694336,0.29731398820877075,0.3386175036430359,0.5522420406341553,0.5642738342285156
Has received tx for this condition prior to admission,1,53,9,0,0,78.27896118164062,0,0,0,0
( ) Yes,1,7,3,0,0,0,0,0,0,0
(,0,1,1,0,0,0,0.39331406354904175,0.3994300663471222,0.9417250752449036,0.9549877643585205
) No,1,4,2,0,0,0,0.34926989674568176,0.3817000389099121,0.676201343536377,0.6895877122879028
Resp,1,4,1,0,0,70.30147552490234,0.1780102401971817,0.2170182168483734,0.5727354884147644,0.5856770277023315
B/P,1,3,1,0,0,66.33078002929688,0.2993689775466919,0.3260399401187897,0.5728400349617004,0.5839564800262451
"If yes, explain:",1,16,3,0,1,76.94727325439453,0.4290461838245392,0.5347088575363159,0.5729745030403137,0.5862429738044739
Disposition of Valuables,0,24,3,0,0,0,0.08718165755271912,0.2621282935142517,0.6126410365104675,0.6259393095970154
"Caldwell County Hospital will not assume responsibility for lost or damaged valuables, clothing, or personal",0,108,15,0,0,0,0.13144253194332123,0.9131625890731812,0.6298518776893616,0.6445910334587097
items kept in the patient's possession. Valuables should be taken home or secured by the hospital.,0,98,16,0,0,0,0.13141830265522003,0.8521890640258789,0.6465111970901489,0.6609534621238708
( ) Valuables taken home,1,24,5,0,0,78.681640625,0,0,0,0
( ) Valuables secured by hospital*,1,34,6,0,0,87,0,0,0,0
( ) No valuables with patient,1,29,6,0,0,87,0,0,0,0
*See valuables envelope for description.,0,40,5,0,0,0,0,0,0,0
Envelope #,1,10,2,0,0,0,0.13376979529857635,0.523759126663208,0.6797048449516296,0.6936115026473999
Patient / Family Signature,1,26,4,0,0,55.32721710205078,0.13202883303165436,0.32137367129325867,0.6960359811782837,0.7106927037239075
Witness Signature,1,17,2,0,0,51.06842041015625,0.1313774138689041,0.26624196767807007,0.7128438949584961,0.7267631888389587
Date,1,4,1,0,0,11,0,0,0,0
Time,1,4,1,0,0,11,0,0,0,0
Valuables picked up by,1,22,4,0,0,40.60132598876953,0.13220694661140442,0.30132126808166504,0.7625580430030823,0.7768287062644958
Witness,1,7,1,0,0,62.56022644042969,0.1319887638092041,0.19103029370307922,0.7961548566818237,0.8074289560317993
Date/Time,1,9,1,0,0,45.70515060424805,0,0,0,0
Health Profile:,1,15,2,0,1,0,0.08802296221256256,0.1990571767091751,0.829227864742279,0.8404241800308228
Informant:,1,10,1,0,1,0,0.2202318012714386,0.29353809356689453,0.8294591307640076,0.8405895233154297
) Patient,1,9,2,0,0,45.0919075012207,0.3283364772796631,0.39116233587265015,0.8294004201889038,0.842452347278595
) Other,1,7,2,0,0,0,0.14863859117031097,0.2021315097808838,0.6259068846702576,0.6389232873916626
Disposition of Medication:,1,26,3,0,1,0,0.08840994536876678,0.27631744742393494,0.8620530366897583,0.8758456110954285
( ( (,0,5,3,0,0,0,0.29580211639404297,0.678156316280365,0.8628918528556824,0.8761764764785767
) Left at Home,1,14,4,0,0,68.34445190429688,0.3205040991306305,0.4267284870147705,0.8627170324325562,0.8758986592292786
) Stored at Nurses Station,1,26,5,0,0,71.645263671875,0.4663608968257904,0.6573374271392822,0.8629185557365417,0.875816822052002
) At Bedside,1,12,3,0,0,78.98394012451172,0.69733726978302,0.7872069478034973,0.8632916808128357,0.8763291239738464
Sent home with,1,14,3,0,0,45.13223648071289,0.13226671516895294,0.2464003711938858,0.8789414167404175,0.8903794288635254
Have you been hospitalized at our facility in the past 7 days?,1,62,12,1,0,81.13253784179688,0,0,0,0
( ) Yes*,1,8,3,0,0,78,0,0,0,0
( ) No,1,6,3,0,0,78,0,0,0,0
"*If yes, has there been any changes in your status since last admission?",1,72,13,1,0,61.39438247680664,0,0,0,0
( ) Yes*,1,8,3,0,0,88,0,0,0,0
( ) No,1,6,3,0,0,88,0,0,0,0
"*If yes, COMPLETE ASSESSMENT; if no, copy previous assessment and attach to this assessment.",0,92,14,0,0,0,0.13454943895339966,0.909298837184906,0.9415647983551025,0.9554553627967834
1,0,1,1,0,0,0,0.14498427510261536,0.15217578411102295,0.2474912852048874,0.25782451033592224
Rev. 1/05,0,9,2,0,0,0,0.9056677222251892,0.9547669887542725,0.9593508243560791,0.9682433605194092
Medical History and Previous Surgery:,1,37,5,0,1,0,0.04479952156543732,0.3258718252182007,0.03116634115576744,0.044881418347358704
) Heart,1,7,2,0,0,0,0.3706737458705902,0.42222535610198975,0.031651586294174194,0.04544947296380997
) Diabetes,1,10,2,0,0,0,0.4665622413158417,0.542238712310791,0.03204613924026489,0.04494643211364746
) Seizures,1,10,2,0,0,0,0.5868419408798218,0.6619814038276672,0.032072871923446655,0.04557469114661217
) HTN,1,5,2,0,0,0,0.7061976790428162,0.7514719367027283,0.032027825713157654,0.04622245579957962
GI,1,2,1,0,0,0,0.8068494200706482,0.8247127532958984,0.03220896050333977,0.043466001749038696
) Thyroid,1,9,2,0,0,0,0.0698196068406105,0.13600073754787445,0.047782618552446365,0.06125342473387718
) Neuro,1,7,2,0,0,0,0.17552469670772552,0.23247790336608887,0.0479227639734745,0.06124594435095787
) EENT,1,6,2,0,0,0,0.27134355902671814,0.32668784260749817,0.04807088151574135,0.06108974665403366
) Musculoskeletal,1,17,2,0,0,0,0.3655000627040863,0.4952249825000763,0.048364587128162384,0.06133079528808594
) Cancer,1,8,2,0,0,0,0.5325773358345032,0.5972869992256165,0.04882822558283806,0.06189247593283653
) GU,1,4,2,0,0,0,0.6360154151916504,0.6721512675285339,0.04864712432026863,0.062128905206918716
) Pulmonary / Respiratory,1,25,4,0,0,0,0.7112467288970947,0.9006173610687256,0.04870554432272911,0.06382547318935394
) Vascular,1,10,2,0,0,0,0.07023102045059204,0.1444322168827057,0.06455348432064056,0.07780204713344574
) Psychological / Mental,1,24,4,0,0,0,0.18840830028057098,0.3637675940990448,0.06438982486724854,0.07828254252672195
Explain,1,7,1,0,0,0,0.045734208077192307,0.09975305199623108,0.08127011358737946,0.09428655356168747
Ever had a blood transfusion?,1,29,5,1,0,0,0.045035310089588165,0.2641548216342926,0.11425959318876266,0.12587641179561615
) Yes*,1,6,2,0,0,0,0.2605811059474945,0.3043493330478668,0.676019549369812,0.6892825365066528
( ) No,1,6,3,0,0,25,0,0,0,0
"*If yes, when:",1,14,3,0,1,0,0.46616682410240173,0.5643171072006226,0.11478380113840103,0.12822078168392181
Social / Environmental Assessment:,0,34,4,0,1,0,0.04471123218536377,0.3288796544075012,0.14716596901416779,0.15901121497154236
1. Patient lives:,1,17,3,0,1,0,0.04527420550584793,0.16652138531208038,0.1640445590019226,0.17544756829738617
) Alone,1,7,2,0,0,0,0.21195267140865326,0.2638755440711975,0.16437843441963196,0.1769113689661026
) With family,1,13,3,0,0,0,0.3088170886039734,0.4011762738227844,0.16443002223968506,0.17806760966777802
) At home,1,9,3,0,0,0,0.445345938205719,0.5166746377944946,0.16469408571720123,0.17777413129806519
) Nsg home,1,10,3,0,0,0,0.5614755749702454,0.6479519605636597,0.1647028625011444,0.17892137169837952
) With S/O,1,10,3,0,0,0,0.69256991147995,0.7700276374816895,0.16498172283172607,0.1790052056312561
2. Habits:,1,10,2,0,1,0,0.04421902447938919,0.12373658269643784,0.18088942766189575,0.19223342835903168
) Tobacco,1,9,2,0,0,0,0.16972599923610687,0.24115587770938873,0.18108150362968445,0.19373473525047302
) Alcohol,1,9,2,0,0,0,0.1695348620414734,0.23304325342178345,0.1975976526737213,0.2102278769016266
) Recreational Drugs,1,20,3,0,0,0,0.1694622039794922,0.32143718004226685,0.21431046724319458,0.227347731590271
3. Education: Last grade in school attended: (please circle),1,60,9,0,1,0,0.044273968786001205,0.49444085359573364,0.23032385110855103,0.24434781074523926
2,0,1,1,0,0,0,0.16785664856433868,0.17769229412078857,0.24738655984401703,0.2581779956817627
3,0,1,1,0,0,0,0.1922290325164795,0.20206785202026367,0.24736753106117249,0.25803205370903015
4,0,1,1,0,0,0,0.2160322517156601,0.22604809701442719,0.2475312054157257,0.2581191658973694
5,0,1,1,0,0,0,0.24064548313617706,0.25004473328590393,0.24735645949840546,0.2582622766494751
6,0,1,1,0,0,0,0.2645420730113983,0.2744975984096527,0.24740010499954224,0.2581391930580139
7,0,1,1,0,0,0,0.2883710563182831,0.2987428307533264,0.24750787019729614,0.2582077085971832
8,0,1,1,0,0,0,0.31303322315216064,0.3227907121181488,0.2475312352180481,0.2582024335861206
9,0,1,1,0,0,0,0.33695781230926514,0.34686964750289917,0.24746084213256836,0.25822874903678894
10,0,2,1,0,0,0,0.3621601462364197,0.37986069917678833,0.24739070236682892,0.2583252787590027
11,0,2,1,0,0,0,0.39518600702285767,0.41014373302459717,0.2476339489221573,0.2583684027194977
12,0,2,1,0,0,0,0.4273800849914551,0.4454042315483093,0.24734030663967133,0.25872254371643066
College:,1,8,1,0,1,0,0.47476550936698914,0.6652089953422546,0.2474030703306198,0.261331707239151
Can read?,1,9,2,1,0,0,0,0,0,0
( ) Yes,1,7,3,0,0,25,0,0,0,0
( ) No,1,6,3,0,0,25,0,0,0,0
Can write?,1,10,2,1,0,0,0,0,0,0
( ) Yes,1,7,3,0,0,25,0,0,0,0
( ) No,1,6,3,0,0,25,0,0,0,0
4. Is Home Health involved in your Care? (,1,42,9,1,0,0,0.04407225176692009,0.3727025091648102,0.29701992869377136,0.3105567991733551
) Yes,1,5,2,0,0,0,0.3912234604358673,0.42905983328819275,0.2974824607372284,0.3112957775592804
No,1,2,1,0,0,16,0,0,0,0
5. Abuse / Neglect / Exploitation Screen,1,40,7,0,0,0,0.04456765949726105,0.3465372323989868,0.31335127353668213,0.3267503082752228
Yes,1,3,1,0,0,0,0,0,0,0
No,1,2,1,0,0,16,0,0,0,0
Yes,1,3,1,0,0,0,0,0,0,0
Questions,0,9,1,0,0,16,0,0,0,0
No,1,2,1,0,0,19,0,0,0,0
Observations,0,12,1,0,0,19,0,0,0,0
) Do you feel unsafe in your home?,1,34,8,1,0,0,0.14608138799667358,0.41419315338134766,0.34669843316078186,0.3599716126918793
) Evidence of neglect by self?,1,30,6,1,0,0,0.5411064624786377,0.7688960433006287,0.3474518358707428,0.36104822158813477
( ) Are you afraid of anyone?,1,29,7,1,0,0,0.12157555669546127,0.3560545742511749,0.36304911971092224,0.37670350074768066
) Evidence of neglect by caretakers?,1,36,6,1,0,0,0.5411086678504944,0.8201455473899841,0.3639187514781952,0.37757572531700134
") Have you ever been physically,sexually or emotionally abused?",1,63,9,1,0,0,0,0,0,0
) Evidence of abuse by self or others?,1,38,8,1,0,0,0.541050910949707,0.8316014409065247,0.3804440200328827,0.3942299485206604
") Within the past year, have you ever been hit, slapped, kicked, or otherwise physically hurt?",1,94,16,1,0,0,0,0,0,0
) Have you ever been touched in a manner that makes you feel uncomfortable?,1,75,14,1,0,0,0,0,0,0
"If yes is checked on any of the above items, consult Police, Social Services and notify the MD.",0,95,18,0,0,0,0.07285424321889877,0.8873939514160156,0.5113223791122437,0.5276914834976196
Social Services Contact:,1,24,3,0,1,0,0.07311004400253296,0.2513427138328552,0.5374787449836731,0.5496276021003723
Time:,1,5,1,0,1,0,0.6343165636062622,0.675000786781311,0.5390565991401672,0.5503959655761719
Physical Assessment (Must be completed by an RN),0,48,8,0,0,0,0.045033931732177734,0.45470184087753296,0.5595309734344482,0.5737069249153137
SKIN ASSESSMENT:,0,16,2,0,1,0,0.634260356426239,0.7633752822875977,0.5624509453773499,0.5722970962524414
Skin,0,4,1,0,0,0,0.04458232223987579,0.07680562138557434,0.5760751366615295,0.5873797535896301
Color Impairment: (,1,19,3,0,1,0,0.07316327840089798,0.23022568225860596,0.5926082134246826,0.6067376732826233
) None,1,6,2,0,0,0,0.24922135472297668,0.29916906356811523,0.5931552648544312,0.6055358648300171
) Pallor,1,8,2,0,0,0,0.34456950426101685,0.3980243504047394,0.5929330587387085,0.6059076189994812
) Flushed,1,9,2,0,0,0,0.14897345006465912,0.2183748185634613,0.6095272302627563,0.6224508285522461
) Cyanosis,1,10,2,0,0,0,0.26297464966773987,0.34205639362335205,0.609504759311676,0.6228189468383789
) Jaundice,1,10,2,0,0,0,0.38668662309646606,0.4633450508117676,0.6100136637687683,0.6227458119392395
Temperature: ( ( (,1,18,4,0,1,0,0.07283774018287659,0.37715625762939453,0.6422421932220459,0.6564841270446777
) Warm,1,6,2,0,0,0,0.214852437376976,0.2696080207824707,0.6428344249725342,0.6557811498641968
) Hot,1,5,2,0,0,0,0.31398525834083557,0.35137563943862915,0.6430583000183105,0.6559938192367554
) Cool,1,6,2,0,0,0,0.3954201638698578,0.44058758020401,0.6429637670516968,0.6561305522918701
Turgor:,1,7,1,0,1,0,0,0,0,0
Good,1,4,1,0,0,20,0,0,0,0
) Fair,1,6,2,0,0,0,0.3493730127811432,0.3892101049423218,0.7754418849945068,0.7888855934143066
) Poor,1,6,2,0,0,0,0.3511601388454437,0.3974629044532776,0.6595604419708252,0.6728136539459229
Impairment of Skin:,1,19,3,0,1,0,0.07397398352622986,0.21547731757164001,0.6757646203041077,0.6890979409217834
( ) Yes*,1,8,3,0,0,78,0,0,0,0
( ) No,1,6,3,0,0,78,0,0,0,0
"*If yes, describe / mark location on diagrams:",1,46,8,0,1,0,0.07359883934259415,0.4031050205230713,0.6923183798789978,0.7061943411827087
Oral / Dental / Nasal,0,21,5,0,0,0,0.04504494369029999,0.19508415460586548,0.7584043741226196,0.7699709534645081
Teeth Condition:,1,16,2,0,1,0,0.08966287970542908,0.20793424546718597,0.7751672267913818,0.7865467667579651
) Good,1,6,2,0,0,0,0.2531343400478363,0.3049231469631195,0.7753757238388062,0.7892060279846191
) Poor,1,6,2,0,0,0,0.433490514755249,0.4797512888908386,0.7752938866615295,0.7894530892372131
) N/A,1,5,2,0,0,0,0.5237480998039246,0.563026487827301,0.7760668396949768,0.7898186445236206
Dentures:,1,9,1,0,1,0,0.08986065536737442,0.16018927097320557,0.7918335199356079,0.803207516670227
) Upper,1,7,2,0,0,0,0.20573976635932922,0.2618448734283447,0.7919162511825562,0.8054437637329102
) Lower,1,7,2,0,0,0,0.30580398440361023,0.3624308705329895,0.7920011281967163,0.8055126667022705
) Partial,1,9,2,0,0,0,0.40651068091392517,0.46429362893104553,0.792359471321106,0.8058902621269226
) Complete,1,10,2,0,0,0,0.41797691583633423,0.49912315607070923,0.9418573975563049,0.9550216794013977
) With Patient,1,14,3,0,0,0,0.20538386702537537,0.30584344267845154,0.8083689212799072,0.8218928575515747
) Not with Patient,1,18,4,0,0,0,0.3501337468624115,0.4777958393096924,0.8088276982307434,0.8221973776817322
Gums:,1,5,1,0,1,0,0.08935150504112244,0.13759863376617432,0.8249624967575073,0.836073637008667
Pink,1,4,1,0,0,0,0.19378288090229034,0.22616226971149445,0.8250771760940552,0.8361131548881531
) Pale,1,6,2,0,0,0,0.2706117331981659,0.3144628405570984,0.8250563144683838,0.8384576439857483
) Inflamed,1,10,2,0,0,0,0.3594192862510681,0.43314284086227417,0.8254609107971191,0.8386476039886475
) Bleeding,1,10,2,0,0,0,0.47809070348739624,0.5531007647514343,0.8257249593734741,0.839336097240448
( ) Moist,1,9,3,0,0,0,0,0,0,0
( ) Dry,1,7,3,0,0,17,0,0,0,0
Nose:,1,5,1,0,1,0,0.0896141529083252,0.1322484016418457,0.8580896258354187,0.8694412112236023
) Nosebleeds,1,12,2,0,0,0,0.17734591662883759,0.2755924463272095,0.8581228852272034,0.8706453442573547
) Drainage,1,10,2,0,0,0,0.31978005170822144,0.39765289425849915,0.8581691980361938,0.8720294237136841
) No problems,1,13,3,0,0,0,0.4421691298484802,0.5466507077217102,0.8588312864303589,0.8723844885826111
Describe,1,8,1,0,0,0,0.15339696407318115,0.21911412477493286,0.8747541308403015,0.8859291076660156
Hygiene,0,7,1,0,0,0,0.04568022862076759,0.1064457893371582,0.8914512395858765,0.9050941467285156
Bathing:,1,8,1,0,1,0,0.09020787477493286,0.14976181089878082,0.9080167412757874,0.9215493202209473
) Minimal Assist,1,16,3,0,0,0,0.19486893713474274,0.3104410171508789,0.908229410648346,0.9211587905883789
) Partial Assist,1,16,3,0,0,0,0.3548641502857208,0.46115851402282715,0.9087036848068237,0.9215867519378662
Condition on arrival:,1,21,3,0,1,0,0.5240463018417358,0.6696541905403137,0.9421954154968262,0.9537991881370544
Oral Hygiene:,1,13,2,0,1,0,0.09007604420185089,0.19033437967300415,0.9410932064056396,0.9547001123428345
) Self,1,6,2,0,0,0,0.23533812165260315,0.27523157000541687,0.9405112266540527,0.9542961120605469
) Assist,1,8,2,0,0,0,0.31964603066444397,0.37381482124328613,0.9411295652389526,0.9546147584915161
) Complete,1,10,2,0,0,0,0,0,0,0
Condition on arrival,1,20,3,0,0,0,0.5240463018417358,0.6696541905403137,0.9421954154968262,0.9537991881370544
Hair Condition:,1,15,2,0,1,0,0.09037353098392487,0.19859877228736877,0.9573573470115662,0.9686148166656494
PATIENT NAME,1,12,2,0,0,34.62287139892578,0.5462652444839478,0.6076739430427551,0.08688663691282272,0.09438303112983704
PRE-OP ASSESSMENT,0,17,2,0,0,0,0.2290908396244049,0.4228096306324005,0.10706852376461029,0.11890945583581924
SS#,1,3,1,0,0,0,0,0,0,0
DOB,1,3,1,0,0,52.25714874267578,0,0,0,0
(DAY OF SURGERY),1,16,3,0,0,0,0.23903019726276398,0.4134274125099182,0.12257132679224014,0.1366618424654007
PHYSICIANS NAME,1,15,2,0,0,0,0.5464593172073364,0.6257442235946655,0.1281956434249878,0.13537754118442535
DATE OF SURGERY,1,15,3,0,0,51.15990447998047,0.5460405945777893,0.6263982653617859,0.14896371960639954,0.15628324449062347
DATE,1,4,1,0,0,69.75312042236328,0.1286013275384903,0.151770681142807,0.1760040819644928,0.18285638093948364
TIME,1,4,1,0,0,0,0.13494543731212616,0.1559591293334961,0.8427141308784485,0.8500294089317322
CONFIRMATION OF SURGICAL SITE,0,29,4,0,0,0,0.30857053399086,0.4564934968948364,0.1761164516210556,0.18380635976791382
VITAL SIGNS:,1,12,2,0,1,34.050048828125,0.5474073886871338,0.6008135080337524,0.17677323520183563,0.18416334688663483
LEFT,1,4,1,0,0,73.29564666748047,0.34883636236190796,0.3710709810256958,0.1905992478132248,0.19767020642757416
RIGHT,1,5,1,0,0,78.5606460571289,0.4049634635448456,0.43284928798675537,0.19083154201507568,0.1977107673883438
BP,1,2,1,0,0,46.52570343017578,0.5475980639457703,0.5593798160552979,0.1919245421886444,0.19859324395656586
P,1,1,1,0,0,40.0684700012207,0.6180790662765503,0.6248259544372559,0.19165614247322083,0.19866664707660675
T,0,1,1,0,0,0,0.13977470993995667,0.14603833854198456,0.6818825006484985,0.6886420845985413
SpO2,1,4,1,0,0,71.5387191772461,0.8181203007698059,0.8399885892868042,0.1915350705385208,0.20052188634872437
%,0,1,1,0,0,0,0.8847269415855408,0.8939862251281738,0.19205844402313232,0.1991014927625656
NUTRITIONAL/ METABOLIC,0,22,2,0,0,0,0.12744751572608948,0.2836109697818756,0.2174835354089737,0.22678545117378235
"MARK ANY BRUISES, CUTS, SCARS, WOUNDS, RASHES, ETC.",1,51,8,0,0,0,0.12630560994148254,0.37361758947372437,0.23520097136497498,0.24389320611953735
RESPIRATORY,0,11,1,0,0,0,0.5274247527122498,0.6129329800605774,0.23476305603981018,0.2437511682510376
R,0,1,1,0,0,0,0.1259751319885254,0.1342322826385498,0.24686074256896973,0.2547399699687958
L,0,1,1,0,0,0,0.1255403459072113,0.13295002281665802,0.2884311378002167,0.29658257961273193
ABSENT C. CLEAR D; DIMIN. Ph - RHONOHI R PATES W WHEEZE,0,55,12,0,0,0,0.5591979622840881,0.8909907937049866,0.24785666167736053,0.25570639967918396
LUL,1,3,1,0,0,56.795467376708984,0.5388699769973755,0.5555515885353088,0.2629961669445038,0.2700074017047882
RUL,1,3,1,0,0,0,0.7285019159317017,0.7462983131408691,0.26289981603622437,0.2698783278465271
LLL,1,3,1,0,0,0,0.5402601361274719,0.5539373159408569,0.2771686911582947,0.2844836413860321
RML,1,3,1,0,0,0,0.7280439734458923,0.7467139363288879,0.2774910032749176,0.284371018409729
R,0,1,1,0,0,0,0.484884113073349,0.4938267767429352,0.2899419665336609,0.2976575493812561
PLL,1,3,1,0,0,0,0.7291038632392883,0.7451716065406799,0.2916860580444336,0.2987458407878876
IF DIABETC GLUCOMETER,1,21,3,0,0,0,0.12520895898342133,0.23548516631126404,0.31044042110443115,0.31794723868370056
AT,1,2,1,0,0,0,0.38576266169548035,0.3982282280921936,0.31126442551612854,0.3183794617652893
COUGH:,1,6,1,0,1,0,0.125429168343544,0.15887539088726044,0.3663642108440399,0.3734484314918518
PRODUCTVE,1,9,1,0,0,76.42408752441406,0.1836993247270584,0.23706123232841492,0.36629796028137207,0.37292084097862244
NON PRODUCTIVE,1,14,2,0,0,81.93753051757812,0.2652158737182617,0.3408797085285187,0.36635687947273254,0.373968243598938
ACTIVITY / EXERCISE,0,19,3,0,0,0,0.5269438624382019,0.6532272696495056,0.36588913202285767,0.3751574456691742
SECRETIONS:,1,11,1,0,1,69.2770767211914,0.12621121108531952,0.18200667202472687,0.38610079884529114,0.39300745725631714
COLOR NORMAL,1,12,2,0,0,0,0.5272336006164551,0.5963340997695923,0.38769230246543884,0.39521464705467224
YES,1,3,1,0,0,76.9894027709961,0.6220978498458862,0.6385174989700317,0.3882328271865845,0.39502987265586853
NO,1,2,1,0,0,77.53785705566406,0.6667136549949646,0.6796780824661255,0.3888319432735443,0.39562904834747314
SORE THROAT,1,11,2,0,0,71.1448745727539,0.13697563111782074,0.19675609469413757,0.40353524684906006,0.4107097089290619
NASAL CONGESTION,1,16,2,0,0,68.69017028808594,0.2293667197227478,0.3136501610279083,0.40354329347610474,0.411042720079422
EDEMA,1,5,1,0,0,0,0.5270466804504395,0.5599501729011536,0.405165433883667,0.4125680923461914
PRESENT,1,7,1,0,0,73.34424591064453,0.5827283263206482,0.6237615346908569,0.40562060475349426,0.41237491369247437
NOT PRESENT,1,11,2,0,0,68.84123229980469,0.6471951007843018,0.7096022963523865,0.40555766224861145,0.412835955619812
NPO SINCE:,1,10,2,0,1,55.07548522949219,0.14462357759475708,0.1929086297750473,0.4233242869377136,0.43051159381866455
COMMENT:,1,8,1,0,1,73.89729309082031,0.5262800455093384,0.572190523147583,0.42512816190719604,0.4322466552257538
HEART RHYTHM,1,12,2,0,0,0,0.5263077616691589,0.5937807559967041,0.44247737526893616,0.44975703954696655
REGULAR,1,7,1,0,0,65.3826904296875,0.6167991757392883,0.6579345464706421,0.44299787282943726,0.44980573654174805
IRREGULAR,1,9,1,0,0,66.84163665771484,0.6853628754615784,0.7357484698295593,0.4433148503303528,0.45034724473953247
MEDS. TAKEN TODAY:,1,18,3,0,1,63.17959976196289,0.12399615347385406,0.21285977959632874,0.4604847729206085,0.46781492233276367
COGNITIVE / PERCEPTUAL PATTERNS,0,31,4,0,0,0,0.526406466960907,0.7504413723945618,0.47850561141967773,0.48838016390800476
BEHAVIORS:,1,10,1,0,1,0,0.5253732204437256,0.5770663619041443,0.4994201958179474,0.5065968632698059
ANGRY,1,5,1,0,0,71.0378646850586,0.6178021430969238,0.6485244631767273,0.49977371096611023,0.5068415999412537
RESTLESS,1,8,1,0,0,64.11289978027344,0.7211318612098694,0.7675524353981018,0.5000012516975403,0.5073747038841248
ANGRY,1,5,1,0,0,61.86162185668945,0.8255305290222168,0.8566058278083801,0.5005924105644226,0.5076876282691956
PATIENT BELONGINGS:,0,19,2,0,1,0,0.130608469247818,0.22210609912872314,0.5138952136039734,0.5212897658348083
INITIALS:,1,9,1,0,1,0,0.2898642122745514,0.3266206681728363,0.5145809054374695,0.5218420624732971
COMMENTS:,1,9,1,0,1,0,0.39116594195365906,0.44378408789634705,0.5150927901268005,0.5224907994270325
ANXIOUS,1,7,1,0,0,78.6251220703125,0.6173390746116638,0.6562955379486084,0.5141298770904541,0.5216528177261353
SAD,1,3,1,0,0,68.50160217285156,0.721964955329895,0.7403957843780518,0.5142526626586914,0.5211449861526489
CONFUSED,1,8,1,0,0,59.95843505859375,0.8247103691101074,0.8744446039199829,0.5149059891700745,0.5221854448318481
Hearing aid sent to O.R.,1,24,5,0,0,0,0.1305302381515503,0.2208632379770279,0.5280966758728027,0.5360532999038696
CALM,1,4,1,0,0,81.81017303466797,0.6177610754966736,0.6422032117843628,0.5280189514160156,0.5346065759658813
WITHDRAWN,1,9,1,0,0,70.76527404785156,0.7211925983428955,0.7765213847160339,0.5284706354141235,0.5354488492012024
NON-RESPONSIVE,1,14,1,0,0,81.09049224853516,0.8235571384429932,0.9032682180404663,0.5289954543113708,0.5364601612091064
Fingernail polish removed,1,25,3,0,0,0,0.13014787435531616,0.22683130204677582,0.5419727563858032,0.5503519773483276
Antibiotics to O.R. c Patient,1,29,5,0,0,0,0.13054470717906952,0.23547960817813873,0.556050181388855,0.5633241534233093
Jewelry removed secured,1,23,3,0,0,0,0.12999553978443146,0.23050253093242645,0.57023024559021,0.578407883644104
Hairpins removed,1,16,2,0,0,0,0.12987539172172546,0.19700567424297333,0.5840077996253967,0.5915012359619141
SIZE/TYPE,1,9,1,0,0,38.685569763183594,0.16234725713729858,0.20969557762145996,0.6383451819419861,0.6453555226325989
REQUIRED,0,8,1,0,0,0,0.4222678244113922,0.46702536940574646,0.6423577070236206,0.649471640586853
INTTIALS,1,8,1,0,0,0,0.5949612259864807,0.6296005249023438,0.6435975432395935,0.6510301828384399
ON CHART,0,8,2,0,0,0,0.6394438743591309,0.6848238706588745,0.6441245079040527,0.6510875821113586
INITIALS,0,8,1,0,0,0,0.8027483224868774,0.8380703330039978,0.6446854472160339,0.6516363620758057
NOT APPLICABLE,1,14,2,0,0,0,0,0,0,0
s,0,1,1,0,0,0,0.13978815078735352,0.14642497897148132,0.6501609086990356,0.6567890048027039
SITE:,1,5,1,0,1,51.740264892578125,0.16187700629234314,0.18432466685771942,0.6521211862564087,0.6590226292610168
I,0,1,1,0,0,0,0.12982097268104553,0.13495878875255585,0.6628438830375671,0.6682769060134888
Surgical Consent Signed /Witnessed,1,34,4,0,0,0,0.4217427670955658,0.5629010796546936,0.6595820188522339,0.6685797572135925
Misc,1,4,1,0,0,0,0.6398731470108032,0.6584339737892151,0.661443293094635,0.6681765913963318
A,0,1,1,0,0,0,0.139391228556633,0.14578448235988617,0.6669110655784607,0.6723839044570923
AMT SOLUTION RATE:,1,18,3,0,1,43.96192169189453,0.16171106696128845,0.2550879418849945,0.6655921339988708,0.6740949153900146
V,0,1,1,0,0,0,0.1294587105512619,0.1358335167169571,0.6711800694465637,0.6763577461242676
STARTED BY,1,10,2,0,0,43.25657272338867,0.1617935746908188,0.21627245843410492,0.6794610619544983,0.6866245269775391
Height /Weight on Chart,1,23,4,0,0,0,0.42143014073371887,0.5158683061599731,0.6769696474075317,0.6851731538772583
EKG - If older than 50,1,22,6,0,0,0,0.63950514793396,0.7223526835441589,0.6786056160926819,0.6857417821884155
TIME:,1,5,1,0,1,61.21073532104492,0.16177146136760712,0.18470077216625214,0.6933827996253967,0.7003494501113892
TPR/BP Recorded,1,15,2,0,0,0,0.421489953994751,0.494945228099823,0.6939777135848999,0.7014789581298828
X-ray if ordered,1,16,3,0,0,0,0.6393307447433472,0.6984649896621704,0.6956185102462769,0.7034984230995178
Voided,1,6,1,0,0,0,0.42114534974098206,0.4481223523616791,0.7109609246253967,0.7181113362312317
Consultation,1,12,1,0,0,0,0.639268159866333,0.6860464215278625,0.7123422026634216,0.7194341421127319
MEDICATIONS GIVEN,1,17,2,0,0,0,0.20963601768016815,0.2944820523262024,0.7249862551689148,0.7330132722854614
ID Band on,1,10,3,0,0,0,0.42121198773384094,0.4641440510749817,0.7277780175209045,0.7348254323005676
Premedication given,1,19,2,0,0,0,0.6387863159179688,0.7158631682395935,0.7292639017105103,0.7380416989326477
"DRUG, DOSE, ROUTE",1,17,3,0,0,0,0.20710128545761108,0.29283422231674194,0.7390215396881104,0.7469000220298767
INITIALS,1,8,1,0,0,0,0.33380788564682007,0.36862075328826904,0.7400063276290894,0.7473993897438049
Allergies Noted on Chart,1,24,4,0,0,0,0.42086732387542725,0.5187665224075317,0.7451013922691345,0.75332111120224
Prosthesis removed,1,18,2,0,0,0,0.6384368538856506,0.7143852710723877,0.7460353970527649,0.7539169788360596
History and Physical on Chart,1,29,5,0,0,0,0.42076510190963745,0.5336319208145142,0.7620148062705994,0.7702779769897461
Dentures removed,1,16,2,0,0,0,0.6381000876426697,0.7088404297828674,0.7634036540985107,0.7706990838050842
No Gum,1,6,2,0,0,0,0.4203417897224426,0.4535979628562927,0.778922438621521,0.7861140966415405
Contacts / glasses removed,1,26,4,0,0,0,0.6380833387374878,0.7433992028236389,0.7806249856948853,0.7888985872268677
Gown / No underwear (if applic.),1,32,6,0,0,0,0.42096108198165894,0.5432164072990417,0.7958559393882751,0.8049196600914001
TIME,1,4,1,0,0,0,0,0,0,0
COMMENTS,0,8,1,0,0,0,0.5084065198898315,0.5583562850952148,0.8471317291259766,0.8544025421142578
